2026-06-02 16:18:27,727 - src.routes.serverless_routes - INFO - Job submitted: job_id=a7305256-d4f5-404b-8753-9dcab9d3daef, user_id=1, image=docker.io/python:3.11
2026-06-02 16:18:27,794 - src.routes.serverless_routes - INFO - Job submitted: job_id=29cf81f9-f910-46ce-9ffb-b31c5c9b05b2, user_id=1, image=docker.io/python:3.11
2026-06-02 16:18:27,804 - src.routes.serverless_routes - INFO - Job submitted: job_id=56e84dbd-d5bb-4dc4-a676-2ba08334dc22, user_id=1, image=docker.io/python:3.11
2026-06-02 16:18:27,817 - src.routes.serverless_routes - INFO - Job submitted: job_id=408fac2c-6a68-49e0-bc41-5c716c15a515, user_id=1, image=python:3.11
2026-06-02 16:18:27,823 - src.routes.serverless_routes - INFO - Job submitted: job_id=d3231af0-654d-44fa-b8a5-9383e236bff9, user_id=1, image=ghcr.io/org/myapp:latest
2026-06-02 16:18:27,827 - src.routes.serverless_routes - INFO - Job submitted: job_id=550e8400-e29b-41d4-a716-446655440000, user_id=42, image=docker.io/python:3.11
2026-06-02 16:18:27,833 - src.routes.serverless_routes - INFO - Job submitted: job_id=733e489d-61b7-4622-b2c2-f85558703fbc, user_id=7, image=registry.example.com/myapp:v1
2026-06-02 16:18:27,838 - src.routes.serverless_routes - INFO - Job submitted: job_id=b8b489ca-9b73-402d-a34d-2014821dcf5c, user_id=1, image=docker.io/alpine:latest
2026-06-02 16:18:27,841 - src.routes.serverless_routes - INFO - Job submitted: job_id=ec034271-9214-4b0c-b5b9-7fd66bfcd2d2, user_id=1, image=docker.io/alpine:latest
2026-06-02 16:18:27,845 - src.routes.serverless_routes - ERROR - Failed to insert job record: Connection refused
2026-06-02 16:19:14,942 - src.routes.serverless_routes - INFO - Job submitted: job_id=8c98ca60-d27c-4252-a291-fbb637c196fe, user_id=1, image=docker.io/python:3.11
2026-06-02 16:19:14,990 - src.routes.serverless_routes - INFO - Job submitted: job_id=3620419f-bd64-4b07-852f-6a3e82d14399, user_id=1, image=docker.io/python:3.11
2026-06-02 16:19:14,997 - src.routes.serverless_routes - INFO - Job submitted: job_id=2927f3be-0dea-4b88-8841-94e0fb0faf97, user_id=1, image=docker.io/python:3.11
2026-06-02 16:19:15,003 - src.routes.serverless_routes - INFO - Job submitted: job_id=4835f5bf-741f-4263-9715-c082c935c0a4, user_id=1, image=python:3.11
2026-06-02 16:19:15,007 - src.routes.serverless_routes - INFO - Job submitted: job_id=66db2025-ec8e-43c5-8cdf-5ff14dfaa774, user_id=1, image=ghcr.io/org/myapp:latest
2026-06-02 16:19:15,013 - src.routes.serverless_routes - INFO - Job submitted: job_id=550e8400-e29b-41d4-a716-446655440000, user_id=42, image=docker.io/python:3.11
2026-06-02 16:19:15,017 - src.routes.serverless_routes - INFO - Job submitted: job_id=25154aae-05a6-405c-bcfd-d1655df6729d, user_id=7, image=registry.example.com/myapp:v1
2026-06-02 16:19:15,022 - src.routes.serverless_routes - INFO - Job submitted: job_id=ac241f5c-c3b4-4bd0-96e5-b1a34c727932, user_id=1, image=docker.io/alpine:latest
2026-06-02 16:19:15,028 - src.routes.serverless_routes - INFO - Job submitted: job_id=30ae63c6-aca7-44f6-9b9c-ac918c05b913, user_id=1, image=docker.io/alpine:latest
2026-06-02 16:19:15,033 - src.routes.serverless_routes - ERROR - Failed to insert job record: Connection refused
2026-06-02 16:22:18,170 - src.routes.serverless_routes - INFO - Job submitted: job_id=d2f3a440-ad0d-4167-b62f-2b006561b8b3, user_id=1, image=docker.io/python:3.11
2026-06-02 16:22:18,219 - src.routes.serverless_routes - INFO - Job submitted: job_id=dbbe10ee-b774-497a-8342-6c8eedfe6813, user_id=1, image=docker.io/python:3.11
2026-06-02 16:22:18,225 - src.routes.serverless_routes - INFO - Job submitted: job_id=da1031e8-80ec-46e0-bab7-6974b1717b4c, user_id=1, image=docker.io/python:3.11
2026-06-02 16:22:18,234 - src.routes.serverless_routes - INFO - Job submitted: job_id=44b57187-c62c-49b7-a7ec-e34bec51d07e, user_id=1, image=python:3.11
2026-06-02 16:22:18,239 - src.routes.serverless_routes - INFO - Job submitted: job_id=d52521a5-9960-47bd-9316-6c4fa0aa310f, user_id=1, image=ghcr.io/org/myapp:latest
2026-06-02 16:22:18,247 - src.routes.serverless_routes - INFO - Job submitted: job_id=550e8400-e29b-41d4-a716-446655440000, user_id=42, image=docker.io/python:3.11
2026-06-02 16:22:18,251 - src.routes.serverless_routes - INFO - Job submitted: job_id=164768db-8598-45ee-8903-a0bb5e7a6475, user_id=7, image=registry.example.com/myapp:v1
2026-06-02 16:22:18,259 - src.routes.serverless_routes - INFO - Job submitted: job_id=42487213-129d-45a8-b62d-9514da8699b7, user_id=1, image=docker.io/alpine:latest
2026-06-02 16:22:18,264 - src.routes.serverless_routes - INFO - Job submitted: job_id=2ac5b89d-c95f-41cd-b325-13922d3948cf, user_id=1, image=docker.io/alpine:latest
2026-06-02 16:22:18,268 - src.routes.serverless_routes - ERROR - Failed to insert job record: Connection refused
2026-06-02 16:22:18,284 - src.routes.serverless_routes - INFO - Job status retrieved: job_id=550e8400-e29b-41d4-a716-446655440000, user_id=42
2026-06-02 16:22:18,288 - src.routes.serverless_routes - INFO - Job status retrieved: job_id=550e8400-e29b-41d4-a716-446655440000, user_id=1
2026-06-02 16:22:18,293 - src.routes.serverless_routes - INFO - Job status retrieved: job_id=550e8400-e29b-41d4-a716-446655440000, user_id=42
2026-06-02 16:22:18,297 - src.routes.serverless_routes - INFO - Job status retrieved: job_id=550e8400-e29b-41d4-a716-446655440000, user_id=42
2026-06-02 16:22:18,301 - src.routes.serverless_routes - ERROR - Failed to query job 550e8400-e29b-41d4-a716-446655440000: Connection refused
2026-06-02 16:26:45,993 - src.routes.serverless_routes - INFO - Job submitted: job_id=b681ff0a-fad8-4a42-83ec-0e1a724806b3, user_id=1, image=docker.io/python:3.11
2026-06-02 16:26:46,045 - src.routes.serverless_routes - INFO - Job submitted: job_id=636e3189-cbdc-4552-86ee-b3517f9d03fa, user_id=1, image=docker.io/python:3.11
2026-06-02 16:26:46,053 - src.routes.serverless_routes - INFO - Job submitted: job_id=e6b5b394-df08-4237-a434-1194c8826b5d, user_id=1, image=docker.io/python:3.11
2026-06-02 16:26:46,062 - src.routes.serverless_routes - INFO - Job submitted: job_id=c307ac2e-4859-4a31-a4d8-2191243be711, user_id=1, image=python:3.11
2026-06-02 16:26:46,069 - src.routes.serverless_routes - INFO - Job submitted: job_id=f439d02f-288b-4bb2-ab53-0adf21c65d50, user_id=1, image=ghcr.io/org/myapp:latest
2026-06-02 16:26:46,075 - src.routes.serverless_routes - INFO - Job submitted: job_id=550e8400-e29b-41d4-a716-446655440000, user_id=42, image=docker.io/python:3.11
2026-06-02 16:26:46,081 - src.routes.serverless_routes - INFO - Job submitted: job_id=32e87627-8da5-411f-a83f-86ae37dd0767, user_id=7, image=registry.example.com/myapp:v1
2026-06-02 16:26:46,087 - src.routes.serverless_routes - INFO - Job submitted: job_id=df5f4b3e-2680-4566-82cc-57cfc3c066e9, user_id=1, image=docker.io/alpine:latest
2026-06-02 16:26:46,092 - src.routes.serverless_routes - INFO - Job submitted: job_id=fb5078a7-4685-4237-a5f0-24ddbc378493, user_id=1, image=docker.io/alpine:latest
2026-06-02 16:26:46,096 - src.routes.serverless_routes - ERROR - Failed to insert job record: Connection refused
2026-06-02 16:26:46,115 - src.routes.serverless_routes - INFO - Job status retrieved: job_id=550e8400-e29b-41d4-a716-446655440000, user_id=42
2026-06-02 16:26:46,119 - src.routes.serverless_routes - INFO - Job status retrieved: job_id=550e8400-e29b-41d4-a716-446655440000, user_id=1
2026-06-02 16:26:46,125 - src.routes.serverless_routes - INFO - Job status retrieved: job_id=550e8400-e29b-41d4-a716-446655440000, user_id=42
2026-06-02 16:26:46,130 - src.routes.serverless_routes - INFO - Job status retrieved: job_id=550e8400-e29b-41d4-a716-446655440000, user_id=42
2026-06-02 16:26:46,135 - src.routes.serverless_routes - ERROR - Failed to query job 550e8400-e29b-41d4-a716-446655440000: Connection refused
2026-06-02 16:26:46,154 - src.routes.serverless_routes - INFO - Job result retrieved: job_id=550e8400-e29b-41d4-a716-446655440000, user_id=1
2026-06-02 16:26:46,171 - src.routes.serverless_routes - INFO - Job result retrieved: job_id=550e8400-e29b-41d4-a716-446655440000, user_id=42
2026-06-02 16:26:46,176 - src.routes.serverless_routes - INFO - Job result retrieved: job_id=550e8400-e29b-41d4-a716-446655440000, user_id=42
2026-06-02 16:26:46,181 - src.routes.serverless_routes - INFO - Job result retrieved: job_id=550e8400-e29b-41d4-a716-446655440000, user_id=42
2026-06-02 16:26:46,185 - src.routes.serverless_routes - INFO - Job result retrieved: job_id=550e8400-e29b-41d4-a716-446655440000, user_id=42
2026-06-02 16:26:46,190 - src.routes.serverless_routes - ERROR - Failed to query job 550e8400-e29b-41d4-a716-446655440000: Connection refused
2026-06-02 21:14:36,721 - src.routes.serverless_routes - INFO - Jobs listed: user_id=1, is_admin=False, total=0
2026-06-02 21:14:36,726 - src.routes.serverless_routes - INFO - Jobs listed: user_id=1, is_admin=False, total=50
2026-06-02 21:14:36,731 - src.routes.serverless_routes - INFO - Jobs listed: user_id=1, is_admin=False, total=50
2026-06-02 21:14:36,735 - src.routes.serverless_routes - INFO - Jobs listed: user_id=1, is_admin=False, total=0
2026-06-02 21:14:36,740 - src.routes.serverless_routes - INFO - Jobs listed: user_id=1, is_admin=False, total=45
2026-06-02 21:14:36,747 - src.routes.serverless_routes - INFO - Jobs listed: user_id=1, is_admin=False, total=0
2026-06-02 21:14:36,758 - src.routes.serverless_routes - INFO - Jobs listed: user_id=1, is_admin=False, total=0
2026-06-02 21:14:36,764 - src.routes.serverless_routes - INFO - Jobs listed: user_id=1, is_admin=False, total=0
2026-06-02 21:14:36,768 - src.routes.serverless_routes - INFO - Jobs listed: user_id=1, is_admin=False, total=2
2026-06-02 21:14:36,772 - src.routes.serverless_routes - INFO - Jobs listed: user_id=42, is_admin=False, total=1
2026-06-02 21:14:36,777 - src.routes.serverless_routes - INFO - Jobs listed: user_id=1, is_admin=True, total=10
2026-06-02 21:14:36,782 - src.routes.serverless_routes - INFO - Jobs listed: user_id=42, is_admin=False, total=1
2026-06-02 21:14:36,786 - src.routes.serverless_routes - ERROR - Failed to list jobs: Connection refused
2026-06-02 21:14:43,893 - src.routes.serverless_routes - INFO - Job submitted: job_id=a31e3a82-f945-40a6-89e1-64b3847465b2, user_id=1, image=docker.io/python:3.11
2026-06-02 21:14:43,940 - src.routes.serverless_routes - INFO - Job submitted: job_id=36c680c4-f731-4298-8ec3-7b3f4c7fae2e, user_id=1, image=docker.io/python:3.11
2026-06-02 21:14:43,945 - src.routes.serverless_routes - INFO - Job submitted: job_id=298409bb-0d32-4e1c-b3c3-900866ecd440, user_id=1, image=docker.io/python:3.11
2026-06-02 21:14:43,953 - src.routes.serverless_routes - INFO - Job submitted: job_id=96be3633-ba50-40a8-a967-949db0d7a286, user_id=1, image=python:3.11
2026-06-02 21:14:43,956 - src.routes.serverless_routes - INFO - Job submitted: job_id=49c64883-b235-4408-ba03-0c4332a7b391, user_id=1, image=ghcr.io/org/myapp:latest
2026-06-02 21:14:43,961 - src.routes.serverless_routes - INFO - Job submitted: job_id=550e8400-e29b-41d4-a716-446655440000, user_id=42, image=docker.io/python:3.11
2026-06-02 21:14:43,966 - src.routes.serverless_routes - INFO - Job submitted: job_id=edbe36f2-a7c6-4939-a08a-54c7ff26a520, user_id=7, image=registry.example.com/myapp:v1
2026-06-02 21:14:43,970 - src.routes.serverless_routes - INFO - Job submitted: job_id=d322446a-bea8-438a-b9ef-7f0006927879, user_id=1, image=docker.io/alpine:latest
2026-06-02 21:14:43,975 - src.routes.serverless_routes - INFO - Job submitted: job_id=55c23de4-825d-498d-bd3b-cfc07d50b514, user_id=1, image=docker.io/alpine:latest
2026-06-02 21:14:43,980 - src.routes.serverless_routes - ERROR - Failed to insert job record: Connection refused
2026-06-02 21:14:43,995 - src.routes.serverless_routes - INFO - Job status retrieved: job_id=550e8400-e29b-41d4-a716-446655440000, user_id=42
2026-06-02 21:14:44,002 - src.routes.serverless_routes - INFO - Job status retrieved: job_id=550e8400-e29b-41d4-a716-446655440000, user_id=1
2026-06-02 21:14:44,005 - src.routes.serverless_routes - INFO - Job status retrieved: job_id=550e8400-e29b-41d4-a716-446655440000, user_id=42
2026-06-02 21:14:44,009 - src.routes.serverless_routes - INFO - Job status retrieved: job_id=550e8400-e29b-41d4-a716-446655440000, user_id=42
2026-06-02 21:14:44,014 - src.routes.serverless_routes - ERROR - Failed to query job 550e8400-e29b-41d4-a716-446655440000: Connection refused
2026-06-02 21:14:44,029 - src.routes.serverless_routes - INFO - Job result retrieved: job_id=550e8400-e29b-41d4-a716-446655440000, user_id=1
2026-06-02 21:14:44,044 - src.routes.serverless_routes - INFO - Job result retrieved: job_id=550e8400-e29b-41d4-a716-446655440000, user_id=42
2026-06-02 21:14:44,047 - src.routes.serverless_routes - INFO - Job result retrieved: job_id=550e8400-e29b-41d4-a716-446655440000, user_id=42
2026-06-02 21:14:44,051 - src.routes.serverless_routes - INFO - Job result retrieved: job_id=550e8400-e29b-41d4-a716-446655440000, user_id=42
2026-06-02 21:14:44,054 - src.routes.serverless_routes - INFO - Job result retrieved: job_id=550e8400-e29b-41d4-a716-446655440000, user_id=42
2026-06-02 21:14:44,059 - src.routes.serverless_routes - ERROR - Failed to query job 550e8400-e29b-41d4-a716-446655440000: Connection refused
2026-06-02 21:14:44,073 - src.routes.serverless_routes - INFO - Job cancelled: job_id=550e8400-e29b-41d4-a716-446655440000, user_id=1
2026-06-02 21:14:44,093 - src.routes.serverless_routes - INFO - Job cancelled: job_id=550e8400-e29b-41d4-a716-446655440000, user_id=42
2026-06-02 21:14:44,099 - src.routes.serverless_routes - INFO - Job cancelled: job_id=550e8400-e29b-41d4-a716-446655440000, user_id=42
2026-06-02 21:14:44,103 - src.routes.serverless_routes - INFO - Job cancelled: job_id=550e8400-e29b-41d4-a716-446655440000, user_id=42
2026-06-02 21:14:44,107 - src.routes.serverless_routes - ERROR - Failed to cancel job 550e8400-e29b-41d4-a716-446655440000: Connection refused
2026-06-02 21:14:44,117 - src.routes.serverless_routes - INFO - Jobs listed: user_id=1, is_admin=False, total=0
2026-06-02 21:14:44,121 - src.routes.serverless_routes - INFO - Jobs listed: user_id=1, is_admin=False, total=50
2026-06-02 21:14:44,124 - src.routes.serverless_routes - INFO - Jobs listed: user_id=1, is_admin=False, total=50
2026-06-02 21:14:44,129 - src.routes.serverless_routes - INFO - Jobs listed: user_id=1, is_admin=False, total=0
2026-06-02 21:14:44,135 - src.routes.serverless_routes - INFO - Jobs listed: user_id=1, is_admin=False, total=45
2026-06-02 21:14:44,139 - src.routes.serverless_routes - INFO - Jobs listed: user_id=1, is_admin=False, total=0
2026-06-02 21:14:44,145 - src.routes.serverless_routes - INFO - Jobs listed: user_id=1, is_admin=False, total=0
2026-06-02 21:14:44,149 - src.routes.serverless_routes - INFO - Jobs listed: user_id=1, is_admin=False, total=0
2026-06-02 21:14:44,155 - src.routes.serverless_routes - INFO - Jobs listed: user_id=1, is_admin=False, total=2
2026-06-02 21:14:44,158 - src.routes.serverless_routes - INFO - Jobs listed: user_id=42, is_admin=False, total=1
2026-06-02 21:14:44,162 - src.routes.serverless_routes - INFO - Jobs listed: user_id=1, is_admin=True, total=10
2026-06-02 21:14:44,170 - src.routes.serverless_routes - INFO - Jobs listed: user_id=42, is_admin=False, total=1
2026-06-02 21:14:44,174 - src.routes.serverless_routes - ERROR - Failed to list jobs: Connection refused
2026-06-02 21:28:31,308 - src.routes.serverless_routes - INFO - Jobs listed: user_id=1, is_admin=False, total=0
2026-06-02 21:28:31,313 - src.routes.serverless_routes - INFO - Jobs listed: user_id=1, is_admin=False, total=50
2026-06-02 21:28:31,321 - src.routes.serverless_routes - INFO - Jobs listed: user_id=1, is_admin=False, total=50
2026-06-02 21:28:31,325 - src.routes.serverless_routes - INFO - Jobs listed: user_id=1, is_admin=False, total=0
2026-06-02 21:28:31,329 - src.routes.serverless_routes - INFO - Jobs listed: user_id=1, is_admin=False, total=45
2026-06-02 21:28:31,333 - src.routes.serverless_routes - INFO - Jobs listed: user_id=1, is_admin=False, total=0
2026-06-02 21:28:31,345 - src.routes.serverless_routes - INFO - Jobs listed: user_id=1, is_admin=False, total=0
2026-06-02 21:28:31,349 - src.routes.serverless_routes - INFO - Jobs listed: user_id=1, is_admin=False, total=0
2026-06-02 21:28:31,358 - src.routes.serverless_routes - INFO - Jobs listed: user_id=1, is_admin=False, total=2
2026-06-02 21:28:31,363 - src.routes.serverless_routes - INFO - Jobs listed: user_id=42, is_admin=False, total=1
2026-06-02 21:28:31,367 - src.routes.serverless_routes - INFO - Jobs listed: user_id=1, is_admin=True, total=10
2026-06-02 21:28:31,371 - src.routes.serverless_routes - INFO - Jobs listed: user_id=42, is_admin=False, total=1
2026-06-02 21:28:31,377 - src.routes.serverless_routes - ERROR - Failed to list jobs: Connection refused
2026-06-02 21:30:46,680 - src.routes.serverless_routes - INFO - Metrics retrieved by admin user_id=1
2026-06-02 21:30:46,688 - src.routes.serverless_routes - INFO - Metrics retrieved by admin user_id=1
2026-06-02 21:30:46,692 - src.routes.serverless_routes - INFO - Metrics retrieved by admin user_id=1
2026-06-02 21:30:46,696 - src.routes.serverless_routes - INFO - Metrics retrieved by admin user_id=1
2026-06-02 21:30:46,699 - src.routes.serverless_routes - ERROR - Failed to retrieve metrics: Connection refused
2026-06-02 21:31:01,660 - src.routes.serverless_routes - INFO - Job submitted: job_id=4d807a7b-2558-4b95-8990-854279affc89, user_id=1, image=docker.io/python:3.11
2026-06-02 21:31:01,713 - src.routes.serverless_routes - INFO - Job submitted: job_id=2d8c0271-c302-46cc-b8c5-b8ef5ad03128, user_id=1, image=docker.io/python:3.11
2026-06-02 21:31:01,720 - src.routes.serverless_routes - INFO - Job submitted: job_id=f8f94a1e-a23d-4bc9-be37-04ffada6e76f, user_id=1, image=docker.io/python:3.11
2026-06-02 21:31:01,732 - src.routes.serverless_routes - INFO - Job submitted: job_id=6475e7bd-0785-4389-9974-2afafcc666a7, user_id=1, image=python:3.11
2026-06-02 21:31:01,736 - src.routes.serverless_routes - INFO - Job submitted: job_id=27815a75-ef99-4911-8234-5aa12c02ba73, user_id=1, image=ghcr.io/org/myapp:latest
2026-06-02 21:31:01,739 - src.routes.serverless_routes - INFO - Job submitted: job_id=550e8400-e29b-41d4-a716-446655440000, user_id=42, image=docker.io/python:3.11
2026-06-02 21:31:01,742 - src.routes.serverless_routes - INFO - Job submitted: job_id=f237ab82-9489-4d06-9ada-eabf6eefeaa3, user_id=7, image=registry.example.com/myapp:v1
2026-06-02 21:31:01,750 - src.routes.serverless_routes - INFO - Job submitted: job_id=c1ef335c-5d3a-47fc-8fd7-1de7383a498d, user_id=1, image=docker.io/alpine:latest
2026-06-02 21:31:01,754 - src.routes.serverless_routes - INFO - Job submitted: job_id=552fb800-df7a-4700-8c65-fe4dae11610b, user_id=1, image=docker.io/alpine:latest
2026-06-02 21:31:01,758 - src.routes.serverless_routes - ERROR - Failed to insert job record: Connection refused
2026-06-02 21:31:01,775 - src.routes.serverless_routes - INFO - Job status retrieved: job_id=550e8400-e29b-41d4-a716-446655440000, user_id=42
2026-06-02 21:31:01,780 - src.routes.serverless_routes - INFO - Job status retrieved: job_id=550e8400-e29b-41d4-a716-446655440000, user_id=1
2026-06-02 21:31:01,785 - src.routes.serverless_routes - INFO - Job status retrieved: job_id=550e8400-e29b-41d4-a716-446655440000, user_id=42
2026-06-02 21:31:01,794 - src.routes.serverless_routes - INFO - Job status retrieved: job_id=550e8400-e29b-41d4-a716-446655440000, user_id=42
2026-06-02 21:31:01,798 - src.routes.serverless_routes - ERROR - Failed to query job 550e8400-e29b-41d4-a716-446655440000: Connection refused
2026-06-02 21:31:01,816 - src.routes.serverless_routes - INFO - Job result retrieved: job_id=550e8400-e29b-41d4-a716-446655440000, user_id=1
2026-06-02 21:31:01,830 - src.routes.serverless_routes - INFO - Job result retrieved: job_id=550e8400-e29b-41d4-a716-446655440000, user_id=42
2026-06-02 21:31:01,835 - src.routes.serverless_routes - INFO - Job result retrieved: job_id=550e8400-e29b-41d4-a716-446655440000, user_id=42
2026-06-02 21:31:01,839 - src.routes.serverless_routes - INFO - Job result retrieved: job_id=550e8400-e29b-41d4-a716-446655440000, user_id=42
2026-06-02 21:31:01,843 - src.routes.serverless_routes - INFO - Job result retrieved: job_id=550e8400-e29b-41d4-a716-446655440000, user_id=42
2026-06-02 21:31:01,847 - src.routes.serverless_routes - ERROR - Failed to query job 550e8400-e29b-41d4-a716-446655440000: Connection refused
2026-06-02 21:31:01,861 - src.routes.serverless_routes - INFO - Job cancelled: job_id=550e8400-e29b-41d4-a716-446655440000, user_id=1
2026-06-02 21:31:01,883 - src.routes.serverless_routes - INFO - Job cancelled: job_id=550e8400-e29b-41d4-a716-446655440000, user_id=42
2026-06-02 21:31:01,889 - src.routes.serverless_routes - INFO - Job cancelled: job_id=550e8400-e29b-41d4-a716-446655440000, user_id=42
2026-06-02 21:31:01,893 - src.routes.serverless_routes - INFO - Job cancelled: job_id=550e8400-e29b-41d4-a716-446655440000, user_id=42
2026-06-02 21:31:01,897 - src.routes.serverless_routes - ERROR - Failed to cancel job 550e8400-e29b-41d4-a716-446655440000: Connection refused
2026-06-02 21:31:01,905 - src.routes.serverless_routes - INFO - Jobs listed: user_id=1, is_admin=False, total=0
2026-06-02 21:31:01,909 - src.routes.serverless_routes - INFO - Jobs listed: user_id=1, is_admin=False, total=50
2026-06-02 21:31:01,913 - src.routes.serverless_routes - INFO - Jobs listed: user_id=1, is_admin=False, total=50
2026-06-02 21:31:01,916 - src.routes.serverless_routes - INFO - Jobs listed: user_id=1, is_admin=False, total=0
2026-06-02 21:31:01,919 - src.routes.serverless_routes - INFO - Jobs listed: user_id=1, is_admin=False, total=45
2026-06-02 21:31:01,922 - src.routes.serverless_routes - INFO - Jobs listed: user_id=1, is_admin=False, total=0
2026-06-02 21:31:01,931 - src.routes.serverless_routes - INFO - Jobs listed: user_id=1, is_admin=False, total=0
2026-06-02 21:31:01,935 - src.routes.serverless_routes - INFO - Jobs listed: user_id=1, is_admin=False, total=0
2026-06-02 21:31:01,938 - src.routes.serverless_routes - INFO - Jobs listed: user_id=1, is_admin=False, total=2
2026-06-02 21:31:01,941 - src.routes.serverless_routes - INFO - Jobs listed: user_id=42, is_admin=False, total=1
2026-06-02 21:31:01,945 - src.routes.serverless_routes - INFO - Jobs listed: user_id=1, is_admin=True, total=10
2026-06-02 21:31:01,950 - src.routes.serverless_routes - INFO - Jobs listed: user_id=42, is_admin=False, total=1
2026-06-02 21:31:01,954 - src.routes.serverless_routes - ERROR - Failed to list jobs: Connection refused
2026-06-02 21:31:01,976 - src.routes.serverless_routes - INFO - Metrics retrieved by admin user_id=1
2026-06-02 21:31:01,982 - src.routes.serverless_routes - INFO - Metrics retrieved by admin user_id=1
2026-06-02 21:31:01,988 - src.routes.serverless_routes - INFO - Metrics retrieved by admin user_id=1
2026-06-02 21:31:01,992 - src.routes.serverless_routes - INFO - Metrics retrieved by admin user_id=1
2026-06-02 21:31:01,997 - src.routes.serverless_routes - ERROR - Failed to retrieve metrics: Connection refused
2026-06-02 22:12:13,525 - src.routes.serverless_routes - WARNING - POST /api/jobs - Authentication failed: no user_id in session
2026-06-02 22:12:13,539 - src.routes.serverless_routes - INFO - POST /api/jobs - Request received: user_id=1
2026-06-02 22:12:13,541 - src.routes.serverless_routes - INFO - Job submitted: job_id=c09ea918-96ef-4de3-973d-85520b8a8fdc, user_id=1, image=docker.io/python:3.11
2026-06-02 22:12:13,550 - src.routes.serverless_routes - INFO - POST /api/jobs - Request received: user_id=1
2026-06-02 22:12:13,563 - src.routes.serverless_routes - INFO - POST /api/jobs - Request received: user_id=1
2026-06-02 22:12:13,571 - src.routes.serverless_routes - INFO - POST /api/jobs - Request received: user_id=1
2026-06-02 22:12:13,583 - src.routes.serverless_routes - INFO - POST /api/jobs - Request received: user_id=1
2026-06-02 22:12:13,591 - src.routes.serverless_routes - INFO - POST /api/jobs - Request received: user_id=1
2026-06-02 22:12:13,604 - src.routes.serverless_routes - INFO - POST /api/jobs - Request received: user_id=1
2026-06-02 22:12:13,613 - src.routes.serverless_routes - INFO - POST /api/jobs - Request received: user_id=1
2026-06-02 22:12:13,624 - src.routes.serverless_routes - INFO - POST /api/jobs - Request received: user_id=1
2026-06-02 22:12:13,634 - src.routes.serverless_routes - INFO - POST /api/jobs - Request received: user_id=1
2026-06-02 22:12:13,646 - src.routes.serverless_routes - INFO - POST /api/jobs - Request received: user_id=1
2026-06-02 22:12:13,656 - src.routes.serverless_routes - INFO - POST /api/jobs - Request received: user_id=1
2026-06-02 22:12:13,658 - src.routes.serverless_routes - INFO - Job submitted: job_id=84480c4c-b671-4a3a-a299-f47ed539ead5, user_id=1, image=docker.io/python:3.11
2026-06-02 22:12:13,668 - src.routes.serverless_routes - INFO - POST /api/jobs - Request received: user_id=1
2026-06-02 22:12:13,668 - src.routes.serverless_routes - INFO - Job submitted: job_id=b632ee41-4fe2-4183-96b7-94cfb57b6612, user_id=1, image=docker.io/python:3.11
2026-06-02 22:12:13,681 - src.routes.serverless_routes - INFO - POST /api/jobs - Request received: user_id=1
2026-06-02 22:12:13,691 - src.routes.serverless_routes - INFO - POST /api/jobs - Request received: user_id=1
2026-06-02 22:12:13,693 - src.routes.serverless_routes - INFO - Job submitted: job_id=dd448c34-b1bb-47e2-8148-a0ef0ea8f677, user_id=1, image=python:3.11
2026-06-02 22:12:13,704 - src.routes.serverless_routes - INFO - POST /api/jobs - Request received: user_id=1
2026-06-02 22:12:13,706 - src.routes.serverless_routes - INFO - Job submitted: job_id=b3e8478d-d3f2-4c00-90bf-23b9037544eb, user_id=1, image=ghcr.io/org/myapp:latest
2026-06-02 22:12:13,724 - src.routes.serverless_routes - INFO - POST /api/jobs - Request received: user_id=42
2026-06-02 22:12:13,725 - src.routes.serverless_routes - INFO - Job submitted: job_id=550e8400-e29b-41d4-a716-446655440000, user_id=42, image=docker.io/python:3.11
2026-06-02 22:12:13,742 - src.routes.serverless_routes - INFO - POST /api/jobs - Request received: user_id=7
2026-06-02 22:12:13,743 - src.routes.serverless_routes - INFO - Job submitted: job_id=06ed8a2d-d9dd-4b96-b6f9-75b786bb28d4, user_id=7, image=registry.example.com/myapp:v1
2026-06-02 22:12:13,763 - src.routes.serverless_routes - INFO - POST /api/jobs - Request received: user_id=1
2026-06-02 22:12:13,765 - src.routes.serverless_routes - INFO - Job submitted: job_id=4db103b0-ce9a-4496-823b-ca96ffbf0a1f, user_id=1, image=docker.io/alpine:latest
2026-06-02 22:12:13,774 - src.routes.serverless_routes - INFO - POST /api/jobs - Request received: user_id=1
2026-06-02 22:12:13,777 - src.routes.serverless_routes - INFO - Job submitted: job_id=8ac688cc-a93c-43b4-870d-5556f38c6acd, user_id=1, image=docker.io/alpine:latest
2026-06-02 22:12:13,787 - src.routes.serverless_routes - INFO - POST /api/jobs - Request received: user_id=1
2026-06-02 22:12:13,789 - src.routes.serverless_routes - ERROR - Failed to insert job record: Connection refused
2026-06-02 22:12:13,803 - src.routes.serverless_routes - WARNING - GET /api/jobs/550e8400-e29b-41d4-a716-446655440000 - Authentication failed: no user_id in session
2026-06-02 22:12:13,816 - src.routes.serverless_routes - INFO - GET /api/jobs/550e8400-e29b-41d4-a716-446655440000 - Request received: user_id=1, job_id=550e8400-e29b-41d4-a716-446655440000
2026-06-02 22:12:13,827 - src.routes.serverless_routes - INFO - GET /api/jobs/550e8400-e29b-41d4-a716-446655440000 - Request received: user_id=1, job_id=550e8400-e29b-41d4-a716-446655440000
2026-06-02 22:12:13,840 - src.routes.serverless_routes - INFO - GET /api/jobs/550e8400-e29b-41d4-a716-446655440000 - Request received: user_id=42, job_id=550e8400-e29b-41d4-a716-446655440000
2026-06-02 22:12:13,841 - src.routes.serverless_routes - INFO - Job status retrieved: job_id=550e8400-e29b-41d4-a716-446655440000, user_id=42
2026-06-02 22:12:13,854 - src.routes.serverless_routes - INFO - GET /api/jobs/550e8400-e29b-41d4-a716-446655440000 - Request received: user_id=1, job_id=550e8400-e29b-41d4-a716-446655440000
2026-06-02 22:12:13,855 - src.routes.serverless_routes - INFO - Job status retrieved: job_id=550e8400-e29b-41d4-a716-446655440000, user_id=1
2026-06-02 22:12:13,867 - src.routes.serverless_routes - INFO - GET /api/jobs/550e8400-e29b-41d4-a716-446655440000 - Request received: user_id=42, job_id=550e8400-e29b-41d4-a716-446655440000
2026-06-02 22:12:13,869 - src.routes.serverless_routes - INFO - Job status retrieved: job_id=550e8400-e29b-41d4-a716-446655440000, user_id=42
2026-06-02 22:12:13,880 - src.routes.serverless_routes - INFO - GET /api/jobs/550e8400-e29b-41d4-a716-446655440000 - Request received: user_id=42, job_id=550e8400-e29b-41d4-a716-446655440000
2026-06-02 22:12:13,882 - src.routes.serverless_routes - INFO - Job status retrieved: job_id=550e8400-e29b-41d4-a716-446655440000, user_id=42
2026-06-02 22:12:13,891 - src.routes.serverless_routes - INFO - GET /api/jobs/550e8400-e29b-41d4-a716-446655440000 - Request received: user_id=1, job_id=550e8400-e29b-41d4-a716-446655440000
2026-06-02 22:12:13,893 - src.routes.serverless_routes - ERROR - Failed to query job 550e8400-e29b-41d4-a716-446655440000: Connection refused
2026-06-02 22:12:13,903 - src.routes.serverless_routes - WARNING - GET /api/jobs/550e8400-e29b-41d4-a716-446655440000/result - Authentication failed: no user_id in session
2026-06-02 22:12:13,912 - src.routes.serverless_routes - INFO - GET /api/jobs/550e8400-e29b-41d4-a716-446655440000/result - Request received: user_id=1, job_id=550e8400-e29b-41d4-a716-446655440000
2026-06-02 22:12:13,921 - src.routes.serverless_routes - INFO - GET /api/jobs/550e8400-e29b-41d4-a716-446655440000/result - Request received: user_id=1, job_id=550e8400-e29b-41d4-a716-446655440000
2026-06-02 22:12:13,931 - src.routes.serverless_routes - INFO - GET /api/jobs/550e8400-e29b-41d4-a716-446655440000/result - Request received: user_id=1, job_id=550e8400-e29b-41d4-a716-446655440000
2026-06-02 22:12:13,932 - src.routes.serverless_routes - INFO - Job result retrieved: job_id=550e8400-e29b-41d4-a716-446655440000, user_id=1
2026-06-02 22:12:13,942 - src.routes.serverless_routes - INFO - GET /api/jobs/550e8400-e29b-41d4-a716-446655440000/result - Request received: user_id=42, job_id=550e8400-e29b-41d4-a716-446655440000
2026-06-02 22:12:13,952 - src.routes.serverless_routes - INFO - GET /api/jobs/550e8400-e29b-41d4-a716-446655440000/result - Request received: user_id=42, job_id=550e8400-e29b-41d4-a716-446655440000
2026-06-02 22:12:13,964 - src.routes.serverless_routes - INFO - GET /api/jobs/550e8400-e29b-41d4-a716-446655440000/result - Request received: user_id=42, job_id=550e8400-e29b-41d4-a716-446655440000
2026-06-02 22:12:14,003 - src.routes.serverless_routes - INFO - Job result retrieved: job_id=550e8400-e29b-41d4-a716-446655440000, user_id=42
2026-06-02 22:12:14,014 - src.routes.serverless_routes - INFO - GET /api/jobs/550e8400-e29b-41d4-a716-446655440000/result - Request received: user_id=42, job_id=550e8400-e29b-41d4-a716-446655440000
2026-06-02 22:12:14,017 - src.routes.serverless_routes - INFO - Job result retrieved: job_id=550e8400-e29b-41d4-a716-446655440000, user_id=42
2026-06-02 22:12:14,029 - src.routes.serverless_routes - INFO - GET /api/jobs/550e8400-e29b-41d4-a716-446655440000/result - Request received: user_id=42, job_id=550e8400-e29b-41d4-a716-446655440000
2026-06-02 22:12:14,030 - src.routes.serverless_routes - INFO - Job result retrieved: job_id=550e8400-e29b-41d4-a716-446655440000, user_id=42
2026-06-02 22:12:14,046 - src.routes.serverless_routes - INFO - GET /api/jobs/550e8400-e29b-41d4-a716-446655440000/result - Request received: user_id=42, job_id=550e8400-e29b-41d4-a716-446655440000
2026-06-02 22:12:14,048 - src.routes.serverless_routes - INFO - Job result retrieved: job_id=550e8400-e29b-41d4-a716-446655440000, user_id=42
2026-06-02 22:12:14,063 - src.routes.serverless_routes - INFO - GET /api/jobs/550e8400-e29b-41d4-a716-446655440000/result - Request received: user_id=1, job_id=550e8400-e29b-41d4-a716-446655440000
2026-06-02 22:12:14,065 - src.routes.serverless_routes - ERROR - Failed to query job 550e8400-e29b-41d4-a716-446655440000: Connection refused
2026-06-02 22:12:14,073 - src.routes.serverless_routes - WARNING - POST /api/jobs/550e8400-e29b-41d4-a716-446655440000/cancel - Authentication failed: no user_id in session
2026-06-02 22:12:14,087 - src.routes.serverless_routes - INFO - POST /api/jobs/550e8400-e29b-41d4-a716-446655440000/cancel - Request received: user_id=1, job_id=550e8400-e29b-41d4-a716-446655440000
2026-06-02 22:12:14,100 - src.routes.serverless_routes - INFO - POST /api/jobs/550e8400-e29b-41d4-a716-446655440000/cancel - Request received: user_id=1, job_id=550e8400-e29b-41d4-a716-446655440000
2026-06-02 22:12:14,115 - src.routes.serverless_routes - INFO - POST /api/jobs/550e8400-e29b-41d4-a716-446655440000/cancel - Request received: user_id=1, job_id=550e8400-e29b-41d4-a716-446655440000
2026-06-02 22:12:14,117 - src.routes.serverless_routes - INFO - Job cancelled: job_id=550e8400-e29b-41d4-a716-446655440000, user_id=1
2026-06-02 22:12:14,131 - src.routes.serverless_routes - INFO - POST /api/jobs/550e8400-e29b-41d4-a716-446655440000/cancel - Request received: user_id=42, job_id=550e8400-e29b-41d4-a716-446655440000
2026-06-02 22:12:14,143 - src.routes.serverless_routes - INFO - POST /api/jobs/550e8400-e29b-41d4-a716-446655440000/cancel - Request received: user_id=42, job_id=550e8400-e29b-41d4-a716-446655440000
2026-06-02 22:12:14,154 - src.routes.serverless_routes - INFO - POST /api/jobs/550e8400-e29b-41d4-a716-446655440000/cancel - Request received: user_id=42, job_id=550e8400-e29b-41d4-a716-446655440000
2026-06-02 22:12:14,163 - src.routes.serverless_routes - INFO - POST /api/jobs/550e8400-e29b-41d4-a716-446655440000/cancel - Request received: user_id=42, job_id=550e8400-e29b-41d4-a716-446655440000
2026-06-02 22:12:14,175 - src.routes.serverless_routes - INFO - POST /api/jobs/550e8400-e29b-41d4-a716-446655440000/cancel - Request received: user_id=42, job_id=550e8400-e29b-41d4-a716-446655440000
2026-06-02 22:12:14,177 - src.routes.serverless_routes - INFO - Job cancelled: job_id=550e8400-e29b-41d4-a716-446655440000, user_id=42
2026-06-02 22:12:14,193 - src.routes.serverless_routes - INFO - POST /api/jobs/550e8400-e29b-41d4-a716-446655440000/cancel - Request received: user_id=42, job_id=550e8400-e29b-41d4-a716-446655440000
2026-06-02 22:12:14,195 - src.routes.serverless_routes - INFO - Job cancelled: job_id=550e8400-e29b-41d4-a716-446655440000, user_id=42
2026-06-02 22:12:14,208 - src.routes.serverless_routes - INFO - POST /api/jobs/550e8400-e29b-41d4-a716-446655440000/cancel - Request received: user_id=42, job_id=550e8400-e29b-41d4-a716-446655440000
2026-06-02 22:12:14,211 - src.routes.serverless_routes - INFO - Job cancelled: job_id=550e8400-e29b-41d4-a716-446655440000, user_id=42
2026-06-02 22:12:14,223 - src.routes.serverless_routes - INFO - POST /api/jobs/550e8400-e29b-41d4-a716-446655440000/cancel - Request received: user_id=42, job_id=550e8400-e29b-41d4-a716-446655440000
2026-06-02 22:12:14,226 - src.routes.serverless_routes - ERROR - Failed to cancel job 550e8400-e29b-41d4-a716-446655440000: Connection refused
2026-06-02 22:12:14,248 - src.routes.serverless_routes - WARNING - GET /api/jobs - Authentication failed: no user_id in session
2026-06-02 22:12:14,269 - src.routes.serverless_routes - INFO - GET /api/jobs - Request received: user_id=1
2026-06-02 22:12:14,270 - src.routes.serverless_routes - INFO - Jobs listed: user_id=1, is_admin=False, total=0
2026-06-02 22:12:14,286 - src.routes.serverless_routes - INFO - GET /api/jobs - Request received: user_id=1
2026-06-02 22:12:14,287 - src.routes.serverless_routes - INFO - Jobs listed: user_id=1, is_admin=False, total=50
2026-06-02 22:12:14,297 - src.routes.serverless_routes - INFO - GET /api/jobs - Request received: user_id=1
2026-06-02 22:12:14,298 - src.routes.serverless_routes - INFO - Jobs listed: user_id=1, is_admin=False, total=50
2026-06-02 22:12:14,308 - src.routes.serverless_routes - INFO - GET /api/jobs - Request received: user_id=1
2026-06-02 22:12:14,309 - src.routes.serverless_routes - INFO - Jobs listed: user_id=1, is_admin=False, total=0
2026-06-02 22:12:14,318 - src.routes.serverless_routes - INFO - GET /api/jobs - Request received: user_id=1
2026-06-02 22:12:14,320 - src.routes.serverless_routes - INFO - Jobs listed: user_id=1, is_admin=False, total=45
2026-06-02 22:12:14,329 - src.routes.serverless_routes - INFO - GET /api/jobs - Request received: user_id=1
2026-06-02 22:12:14,330 - src.routes.serverless_routes - INFO - Jobs listed: user_id=1, is_admin=False, total=0
2026-06-02 22:12:14,341 - src.routes.serverless_routes - INFO - GET /api/jobs - Request received: user_id=1
2026-06-02 22:12:14,351 - src.routes.serverless_routes - INFO - GET /api/jobs - Request received: user_id=1
2026-06-02 22:12:14,352 - src.routes.serverless_routes - INFO - Jobs listed: user_id=1, is_admin=False, total=0
2026-06-02 22:12:14,362 - src.routes.serverless_routes - INFO - GET /api/jobs - Request received: user_id=1
2026-06-02 22:12:14,363 - src.routes.serverless_routes - INFO - Jobs listed: user_id=1, is_admin=False, total=0
2026-06-02 22:12:14,373 - src.routes.serverless_routes - INFO - GET /api/jobs - Request received: user_id=1
2026-06-02 22:12:14,374 - src.routes.serverless_routes - INFO - Jobs listed: user_id=1, is_admin=False, total=2
2026-06-02 22:12:14,383 - src.routes.serverless_routes - INFO - GET /api/jobs - Request received: user_id=42
2026-06-02 22:12:14,384 - src.routes.serverless_routes - INFO - Jobs listed: user_id=42, is_admin=False, total=1
2026-06-02 22:12:14,393 - src.routes.serverless_routes - INFO - GET /api/jobs - Request received: user_id=1
2026-06-02 22:12:14,394 - src.routes.serverless_routes - INFO - Jobs listed: user_id=1, is_admin=True, total=10
2026-06-02 22:12:14,407 - src.routes.serverless_routes - INFO - GET /api/jobs - Request received: user_id=42
2026-06-02 22:12:14,409 - src.routes.serverless_routes - INFO - Jobs listed: user_id=42, is_admin=False, total=1
2026-06-02 22:12:14,423 - src.routes.serverless_routes - INFO - GET /api/jobs - Request received: user_id=1
2026-06-02 22:12:14,424 - src.routes.serverless_routes - ERROR - Failed to list jobs: Connection refused
2026-06-02 22:12:14,433 - src.routes.serverless_routes - WARNING - GET /api/jobs/metrics - Authentication failed: no user_id in session
2026-06-02 22:12:14,443 - src.routes.serverless_routes - INFO - GET /api/jobs/metrics - Request received: user_id=1
2026-06-02 22:12:14,445 - src.routes.serverless_routes - WARNING - GET /api/jobs/metrics - Access denied: user_id=1 is not admin
2026-06-02 22:12:14,455 - src.routes.serverless_routes - INFO - GET /api/jobs/metrics - Request received: user_id=1
2026-06-02 22:12:14,457 - src.routes.serverless_routes - WARNING - GET /api/jobs/metrics - Access denied: user_id=1 is not admin
2026-06-02 22:12:14,471 - src.routes.serverless_routes - INFO - GET /api/jobs/metrics - Request received: user_id=1
2026-06-02 22:12:14,473 - src.routes.serverless_routes - INFO - Metrics retrieved by admin user_id=1
2026-06-02 22:12:14,486 - src.routes.serverless_routes - INFO - GET /api/jobs/metrics - Request received: user_id=1
2026-06-02 22:12:14,488 - src.routes.serverless_routes - INFO - Metrics retrieved by admin user_id=1
2026-06-02 22:12:14,501 - src.routes.serverless_routes - INFO - GET /api/jobs/metrics - Request received: user_id=1
2026-06-02 22:12:14,503 - src.routes.serverless_routes - INFO - Metrics retrieved by admin user_id=1
2026-06-02 22:12:14,517 - src.routes.serverless_routes - INFO - GET /api/jobs/metrics - Request received: user_id=1
2026-06-02 22:12:14,518 - src.routes.serverless_routes - INFO - Metrics retrieved by admin user_id=1
2026-06-02 22:12:14,532 - src.routes.serverless_routes - INFO - GET /api/jobs/metrics - Request received: user_id=1
2026-06-02 22:12:14,533 - src.routes.serverless_routes - ERROR - Failed to retrieve metrics: Connection refused
2026-06-09 11:54:29,480 - src.routes.serverless_routes - WARNING - POST /api/jobs - Authentication failed: no user_id in session
2026-06-09 11:54:29,506 - src.routes.serverless_routes - INFO - POST /api/jobs - Request received: user_id=1
2026-06-09 11:54:29,510 - src.routes.serverless_routes - INFO - Job submitted: job_id=429a3882-ad6b-40c7-9cfe-809c98bd2513, user_id=1, image=docker.io/python:3.11
2026-06-09 11:54:29,531 - src.routes.serverless_routes - INFO - POST /api/jobs - Request received: user_id=1
2026-06-09 11:54:29,550 - src.routes.serverless_routes - INFO - POST /api/jobs - Request received: user_id=1
2026-06-09 11:54:29,571 - src.routes.serverless_routes - INFO - POST /api/jobs - Request received: user_id=1
2026-06-09 11:54:29,591 - src.routes.serverless_routes - INFO - POST /api/jobs - Request received: user_id=1
2026-06-09 11:54:29,609 - src.routes.serverless_routes - INFO - POST /api/jobs - Request received: user_id=1
2026-06-09 11:54:29,632 - src.routes.serverless_routes - INFO - POST /api/jobs - Request received: user_id=1
2026-06-09 11:54:29,651 - src.routes.serverless_routes - INFO - POST /api/jobs - Request received: user_id=1
2026-06-09 11:54:29,673 - src.routes.serverless_routes - INFO - POST /api/jobs - Request received: user_id=1
2026-06-09 11:54:29,694 - src.routes.serverless_routes - INFO - POST /api/jobs - Request received: user_id=1
2026-06-09 11:54:29,713 - src.routes.serverless_routes - INFO - POST /api/jobs - Request received: user_id=1
2026-06-09 11:54:29,742 - src.routes.serverless_routes - INFO - POST /api/jobs - Request received: user_id=1
2026-06-09 11:54:29,745 - src.routes.serverless_routes - INFO - Job submitted: job_id=d018a6cd-0f54-4519-aead-e887e4f5b60e, user_id=1, image=docker.io/python:3.11
2026-06-09 11:54:29,765 - src.routes.serverless_routes - INFO - POST /api/jobs - Request received: user_id=1
2026-06-09 11:54:29,767 - src.routes.serverless_routes - INFO - Job submitted: job_id=f4b51fb2-af71-49b6-a6bd-ad5f94935841, user_id=1, image=docker.io/python:3.11
2026-06-09 11:54:29,783 - src.routes.serverless_routes - INFO - POST /api/jobs - Request received: user_id=1
2026-06-09 11:54:29,808 - src.routes.serverless_routes - INFO - POST /api/jobs - Request received: user_id=1
2026-06-09 11:54:29,810 - src.routes.serverless_routes - INFO - Job submitted: job_id=b718c77b-f3d2-4f11-b292-5af185e36886, user_id=1, image=python:3.11
2026-06-09 11:54:29,831 - src.routes.serverless_routes - INFO - POST /api/jobs - Request received: user_id=1
2026-06-09 11:54:29,834 - src.routes.serverless_routes - INFO - Job submitted: job_id=9b3355ff-efd3-481e-9973-9fa0162307c9, user_id=1, image=ghcr.io/org/myapp:latest
2026-06-09 11:54:29,855 - src.routes.serverless_routes - INFO - POST /api/jobs - Request received: user_id=42
2026-06-09 11:54:29,858 - src.routes.serverless_routes - INFO - Job submitted: job_id=550e8400-e29b-41d4-a716-446655440000, user_id=42, image=docker.io/python:3.11
2026-06-09 11:54:29,875 - src.routes.serverless_routes - INFO - POST /api/jobs - Request received: user_id=7
2026-06-09 11:54:29,878 - src.routes.serverless_routes - INFO - Job submitted: job_id=ad9995b8-2ca7-46c9-8aa7-7846a315a1c3, user_id=7, image=registry.example.com/myapp:v1
2026-06-09 11:54:29,898 - src.routes.serverless_routes - INFO - POST /api/jobs - Request received: user_id=1
2026-06-09 11:54:29,900 - src.routes.serverless_routes - INFO - Job submitted: job_id=664f8340-d11a-4b70-85f6-f7c43a18c75a, user_id=1, image=docker.io/alpine:latest
2026-06-09 11:54:29,917 - src.routes.serverless_routes - INFO - POST /api/jobs - Request received: user_id=1
2026-06-09 11:54:29,920 - src.routes.serverless_routes - INFO - Job submitted: job_id=caa3f7ae-d7d4-4dca-8233-fadad4db1c44, user_id=1, image=docker.io/alpine:latest
2026-06-09 11:54:29,940 - src.routes.serverless_routes - INFO - POST /api/jobs - Request received: user_id=1
2026-06-09 11:54:29,942 - src.routes.serverless_routes - ERROR - Failed to insert job record: Connection refused
2026-06-09 11:54:29,961 - src.routes.serverless_routes - WARNING - GET /api/jobs/550e8400-e29b-41d4-a716-446655440000 - Authentication failed: no user_id in session
2026-06-09 11:54:29,979 - src.routes.serverless_routes - INFO - GET /api/jobs/550e8400-e29b-41d4-a716-446655440000 - Request received: user_id=1, job_id=550e8400-e29b-41d4-a716-446655440000
2026-06-09 11:54:29,997 - src.routes.serverless_routes - INFO - GET /api/jobs/550e8400-e29b-41d4-a716-446655440000 - Request received: user_id=1, job_id=550e8400-e29b-41d4-a716-446655440000
2026-06-09 11:54:30,017 - src.routes.serverless_routes - INFO - GET /api/jobs/550e8400-e29b-41d4-a716-446655440000 - Request received: user_id=42, job_id=550e8400-e29b-41d4-a716-446655440000
2026-06-09 11:54:30,019 - src.routes.serverless_routes - INFO - Job status retrieved: job_id=550e8400-e29b-41d4-a716-446655440000, user_id=42
2026-06-09 11:54:30,040 - src.routes.serverless_routes - INFO - GET /api/jobs/550e8400-e29b-41d4-a716-446655440000 - Request received: user_id=1, job_id=550e8400-e29b-41d4-a716-446655440000
2026-06-09 11:54:30,042 - src.routes.serverless_routes - INFO - Job status retrieved: job_id=550e8400-e29b-41d4-a716-446655440000, user_id=1
2026-06-09 11:54:30,064 - src.routes.serverless_routes - INFO - GET /api/jobs/550e8400-e29b-41d4-a716-446655440000 - Request received: user_id=42, job_id=550e8400-e29b-41d4-a716-446655440000
2026-06-09 11:54:30,066 - src.routes.serverless_routes - INFO - Job status retrieved: job_id=550e8400-e29b-41d4-a716-446655440000, user_id=42
2026-06-09 11:54:30,089 - src.routes.serverless_routes - INFO - GET /api/jobs/550e8400-e29b-41d4-a716-446655440000 - Request received: user_id=42, job_id=550e8400-e29b-41d4-a716-446655440000
2026-06-09 11:54:30,091 - src.routes.serverless_routes - INFO - Job status retrieved: job_id=550e8400-e29b-41d4-a716-446655440000, user_id=42
2026-06-09 11:54:30,110 - src.routes.serverless_routes - INFO - GET /api/jobs/550e8400-e29b-41d4-a716-446655440000 - Request received: user_id=1, job_id=550e8400-e29b-41d4-a716-446655440000
2026-06-09 11:54:30,113 - src.routes.serverless_routes - ERROR - Failed to query job 550e8400-e29b-41d4-a716-446655440000: Connection refused
2026-06-09 11:54:30,130 - src.routes.serverless_routes - WARNING - GET /api/jobs/550e8400-e29b-41d4-a716-446655440000/result - Authentication failed: no user_id in session
2026-06-09 11:54:30,148 - src.routes.serverless_routes - INFO - GET /api/jobs/550e8400-e29b-41d4-a716-446655440000/result - Request received: user_id=1, job_id=550e8400-e29b-41d4-a716-446655440000
2026-06-09 11:54:30,168 - src.routes.serverless_routes - INFO - GET /api/jobs/550e8400-e29b-41d4-a716-446655440000/result - Request received: user_id=1, job_id=550e8400-e29b-41d4-a716-446655440000
2026-06-09 11:54:30,186 - src.routes.serverless_routes - INFO - GET /api/jobs/550e8400-e29b-41d4-a716-446655440000/result - Request received: user_id=1, job_id=550e8400-e29b-41d4-a716-446655440000
2026-06-09 11:54:30,189 - src.routes.serverless_routes - INFO - Job result retrieved: job_id=550e8400-e29b-41d4-a716-446655440000, user_id=1
2026-06-09 11:54:30,207 - src.routes.serverless_routes - INFO - GET /api/jobs/550e8400-e29b-41d4-a716-446655440000/result - Request received: user_id=42, job_id=550e8400-e29b-41d4-a716-446655440000
2026-06-09 11:54:30,227 - src.routes.serverless_routes - INFO - GET /api/jobs/550e8400-e29b-41d4-a716-446655440000/result - Request received: user_id=42, job_id=550e8400-e29b-41d4-a716-446655440000
2026-06-09 11:54:30,246 - src.routes.serverless_routes - INFO - GET /api/jobs/550e8400-e29b-41d4-a716-446655440000/result - Request received: user_id=42, job_id=550e8400-e29b-41d4-a716-446655440000
2026-06-09 11:54:30,249 - src.routes.serverless_routes - INFO - Job result retrieved: job_id=550e8400-e29b-41d4-a716-446655440000, user_id=42
2026-06-09 11:54:30,271 - src.routes.serverless_routes - INFO - GET /api/jobs/550e8400-e29b-41d4-a716-446655440000/result - Request received: user_id=42, job_id=550e8400-e29b-41d4-a716-446655440000
2026-06-09 11:54:30,274 - src.routes.serverless_routes - INFO - Job result retrieved: job_id=550e8400-e29b-41d4-a716-446655440000, user_id=42
2026-06-09 11:54:30,296 - src.routes.serverless_routes - INFO - GET /api/jobs/550e8400-e29b-41d4-a716-446655440000/result - Request received: user_id=42, job_id=550e8400-e29b-41d4-a716-446655440000
2026-06-09 11:54:30,298 - src.routes.serverless_routes - INFO - Job result retrieved: job_id=550e8400-e29b-41d4-a716-446655440000, user_id=42
2026-06-09 11:54:30,317 - src.routes.serverless_routes - INFO - GET /api/jobs/550e8400-e29b-41d4-a716-446655440000/result - Request received: user_id=42, job_id=550e8400-e29b-41d4-a716-446655440000
2026-06-09 11:54:30,320 - src.routes.serverless_routes - INFO - Job result retrieved: job_id=550e8400-e29b-41d4-a716-446655440000, user_id=42
2026-06-09 11:54:30,347 - src.routes.serverless_routes - INFO - GET /api/jobs/550e8400-e29b-41d4-a716-446655440000/result - Request received: user_id=1, job_id=550e8400-e29b-41d4-a716-446655440000
2026-06-09 11:54:30,348 - src.routes.serverless_routes - ERROR - Failed to query job 550e8400-e29b-41d4-a716-446655440000: Connection refused
2026-06-09 11:54:30,364 - src.routes.serverless_routes - WARNING - POST /api/jobs/550e8400-e29b-41d4-a716-446655440000/cancel - Authentication failed: no user_id in session
2026-06-09 11:54:30,384 - src.routes.serverless_routes - INFO - POST /api/jobs/550e8400-e29b-41d4-a716-446655440000/cancel - Request received: user_id=1, job_id=550e8400-e29b-41d4-a716-446655440000
2026-06-09 11:54:30,406 - src.routes.serverless_routes - INFO - POST /api/jobs/550e8400-e29b-41d4-a716-446655440000/cancel - Request received: user_id=1, job_id=550e8400-e29b-41d4-a716-446655440000
2026-06-09 11:54:30,426 - src.routes.serverless_routes - INFO - POST /api/jobs/550e8400-e29b-41d4-a716-446655440000/cancel - Request received: user_id=1, job_id=550e8400-e29b-41d4-a716-446655440000
2026-06-09 11:54:30,429 - src.routes.serverless_routes - INFO - Job cancelled: job_id=550e8400-e29b-41d4-a716-446655440000, user_id=1
2026-06-09 11:54:30,449 - src.routes.serverless_routes - INFO - POST /api/jobs/550e8400-e29b-41d4-a716-446655440000/cancel - Request received: user_id=42, job_id=550e8400-e29b-41d4-a716-446655440000
2026-06-09 11:54:30,466 - src.routes.serverless_routes - INFO - POST /api/jobs/550e8400-e29b-41d4-a716-446655440000/cancel - Request received: user_id=42, job_id=550e8400-e29b-41d4-a716-446655440000
2026-06-09 11:54:30,488 - src.routes.serverless_routes - INFO - POST /api/jobs/550e8400-e29b-41d4-a716-446655440000/cancel - Request received: user_id=42, job_id=550e8400-e29b-41d4-a716-446655440000
2026-06-09 11:54:30,512 - src.routes.serverless_routes - INFO - POST /api/jobs/550e8400-e29b-41d4-a716-446655440000/cancel - Request received: user_id=42, job_id=550e8400-e29b-41d4-a716-446655440000
2026-06-09 11:54:30,534 - src.routes.serverless_routes - INFO - POST /api/jobs/550e8400-e29b-41d4-a716-446655440000/cancel - Request received: user_id=42, job_id=550e8400-e29b-41d4-a716-446655440000
2026-06-09 11:54:30,538 - src.routes.serverless_routes - INFO - Job cancelled: job_id=550e8400-e29b-41d4-a716-446655440000, user_id=42
2026-06-09 11:54:30,560 - src.routes.serverless_routes - INFO - POST /api/jobs/550e8400-e29b-41d4-a716-446655440000/cancel - Request received: user_id=42, job_id=550e8400-e29b-41d4-a716-446655440000
2026-06-09 11:54:30,562 - src.routes.serverless_routes - INFO - Job cancelled: job_id=550e8400-e29b-41d4-a716-446655440000, user_id=42
2026-06-09 11:54:30,581 - src.routes.serverless_routes - INFO - POST /api/jobs/550e8400-e29b-41d4-a716-446655440000/cancel - Request received: user_id=42, job_id=550e8400-e29b-41d4-a716-446655440000
2026-06-09 11:54:30,583 - src.routes.serverless_routes - INFO - Job cancelled: job_id=550e8400-e29b-41d4-a716-446655440000, user_id=42
2026-06-09 11:54:30,607 - src.routes.serverless_routes - INFO - POST /api/jobs/550e8400-e29b-41d4-a716-446655440000/cancel - Request received: user_id=42, job_id=550e8400-e29b-41d4-a716-446655440000
2026-06-09 11:54:30,610 - src.routes.serverless_routes - ERROR - Failed to cancel job 550e8400-e29b-41d4-a716-446655440000: Connection refused
2026-06-09 11:54:30,626 - src.routes.serverless_routes - WARNING - GET /api/jobs - Authentication failed: no user_id in session
2026-06-09 11:54:30,648 - src.routes.serverless_routes - INFO - GET /api/jobs - Request received: user_id=1
2026-06-09 11:54:30,650 - src.routes.serverless_routes - INFO - Jobs listed: user_id=1, is_admin=False, total=0
2026-06-09 11:54:30,670 - src.routes.serverless_routes - INFO - GET /api/jobs - Request received: user_id=1
2026-06-09 11:54:30,674 - src.routes.serverless_routes - INFO - Jobs listed: user_id=1, is_admin=False, total=50
2026-06-09 11:54:30,701 - src.routes.serverless_routes - INFO - GET /api/jobs - Request received: user_id=1
2026-06-09 11:54:30,704 - src.routes.serverless_routes - INFO - Jobs listed: user_id=1, is_admin=False, total=50
2026-06-09 11:54:30,723 - src.routes.serverless_routes - INFO - GET /api/jobs - Request received: user_id=1
2026-06-09 11:54:30,726 - src.routes.serverless_routes - INFO - Jobs listed: user_id=1, is_admin=False, total=0
2026-06-09 11:54:30,746 - src.routes.serverless_routes - INFO - GET /api/jobs - Request received: user_id=1
2026-06-09 11:54:30,749 - src.routes.serverless_routes - INFO - Jobs listed: user_id=1, is_admin=False, total=45
2026-06-09 11:54:30,771 - src.routes.serverless_routes - INFO - GET /api/jobs - Request received: user_id=1
2026-06-09 11:54:30,774 - src.routes.serverless_routes - INFO - Jobs listed: user_id=1, is_admin=False, total=0
2026-06-09 11:54:30,794 - src.routes.serverless_routes - INFO - GET /api/jobs - Request received: user_id=1
2026-06-09 11:54:30,815 - src.routes.serverless_routes - INFO - GET /api/jobs - Request received: user_id=1
2026-06-09 11:54:30,817 - src.routes.serverless_routes - INFO - Jobs listed: user_id=1, is_admin=False, total=0
2026-06-09 11:54:30,835 - src.routes.serverless_routes - INFO - GET /api/jobs - Request received: user_id=1
2026-06-09 11:54:30,839 - src.routes.serverless_routes - INFO - Jobs listed: user_id=1, is_admin=False, total=0
2026-06-09 11:54:30,860 - src.routes.serverless_routes - INFO - GET /api/jobs - Request received: user_id=1
2026-06-09 11:54:30,864 - src.routes.serverless_routes - INFO - Jobs listed: user_id=1, is_admin=False, total=2
2026-06-09 11:54:30,884 - src.routes.serverless_routes - INFO - GET /api/jobs - Request received: user_id=42
2026-06-09 11:54:30,887 - src.routes.serverless_routes - INFO - Jobs listed: user_id=42, is_admin=False, total=1
2026-06-09 11:54:30,912 - src.routes.serverless_routes - INFO - GET /api/jobs - Request received: user_id=1
2026-06-09 11:54:30,915 - src.routes.serverless_routes - INFO - Jobs listed: user_id=1, is_admin=True, total=10
2026-06-09 11:54:30,934 - src.routes.serverless_routes - INFO - GET /api/jobs - Request received: user_id=42
2026-06-09 11:54:30,937 - src.routes.serverless_routes - INFO - Jobs listed: user_id=42, is_admin=False, total=1
2026-06-09 11:54:30,957 - src.routes.serverless_routes - INFO - GET /api/jobs - Request received: user_id=1
2026-06-09 11:54:30,961 - src.routes.serverless_routes - ERROR - Failed to list jobs: Connection refused
2026-06-09 11:54:30,978 - src.routes.serverless_routes - WARNING - GET /api/jobs/metrics - Authentication failed: no user_id in session
2026-06-09 11:54:31,000 - src.routes.serverless_routes - INFO - GET /api/jobs/metrics - Request received: user_id=1
2026-06-09 11:54:31,002 - src.routes.serverless_routes - WARNING - GET /api/jobs/metrics - Access denied: user_id=1 is not admin
2026-06-09 11:54:31,020 - src.routes.serverless_routes - INFO - GET /api/jobs/metrics - Request received: user_id=1
2026-06-09 11:54:31,023 - src.routes.serverless_routes - WARNING - GET /api/jobs/metrics - Access denied: user_id=1 is not admin
2026-06-09 11:54:31,043 - src.routes.serverless_routes - INFO - GET /api/jobs/metrics - Request received: user_id=1
2026-06-09 11:54:31,045 - src.routes.serverless_routes - INFO - Metrics retrieved by admin user_id=1
2026-06-09 11:54:31,071 - src.routes.serverless_routes - INFO - GET /api/jobs/metrics - Request received: user_id=1
2026-06-09 11:54:31,073 - src.routes.serverless_routes - INFO - Metrics retrieved by admin user_id=1
2026-06-09 11:54:31,092 - src.routes.serverless_routes - INFO - GET /api/jobs/metrics - Request received: user_id=1
2026-06-09 11:54:31,095 - src.routes.serverless_routes - INFO - Metrics retrieved by admin user_id=1
2026-06-09 11:54:31,116 - src.routes.serverless_routes - INFO - GET /api/jobs/metrics - Request received: user_id=1
2026-06-09 11:54:31,118 - src.routes.serverless_routes - INFO - Metrics retrieved by admin user_id=1
2026-06-09 11:54:31,136 - src.routes.serverless_routes - INFO - GET /api/jobs/metrics - Request received: user_id=1
2026-06-09 11:54:31,139 - src.routes.serverless_routes - ERROR - Failed to retrieve metrics: Connection refused
2026-06-09 11:54:38,315 - src.routes.serverless_routes - WARNING - POST /api/jobs - Authentication failed: no user_id in session
2026-06-09 11:54:38,339 - src.routes.serverless_routes - INFO - POST /api/jobs - Request received: user_id=1
2026-06-09 11:54:38,343 - src.routes.serverless_routes - INFO - Job submitted: job_id=eec5f900-0898-422d-b569-87bad49a21b6, user_id=1, image=docker.io/python:3.11
2026-06-09 11:54:38,362 - src.routes.serverless_routes - INFO - POST /api/jobs - Request received: user_id=1
2026-06-09 11:54:38,382 - src.routes.serverless_routes - INFO - POST /api/jobs - Request received: user_id=1
2026-06-09 11:54:38,406 - src.routes.serverless_routes - INFO - POST /api/jobs - Request received: user_id=1
2026-06-09 11:54:38,428 - src.routes.serverless_routes - INFO - POST /api/jobs - Request received: user_id=1
2026-06-09 11:54:38,448 - src.routes.serverless_routes - INFO - POST /api/jobs - Request received: user_id=1
2026-06-09 11:54:38,469 - src.routes.serverless_routes - INFO - POST /api/jobs - Request received: user_id=1
2026-06-09 11:54:38,490 - src.routes.serverless_routes - INFO - POST /api/jobs - Request received: user_id=1
2026-06-09 11:54:38,512 - src.routes.serverless_routes - INFO - POST /api/jobs - Request received: user_id=1
2026-06-09 11:54:38,535 - src.routes.serverless_routes - INFO - POST /api/jobs - Request received: user_id=1
2026-06-09 11:54:38,556 - src.routes.serverless_routes - INFO - POST /api/jobs - Request received: user_id=1
2026-06-09 11:54:38,577 - src.routes.serverless_routes - INFO - POST /api/jobs - Request received: user_id=1
2026-06-09 11:54:38,580 - src.routes.serverless_routes - INFO - Job submitted: job_id=1332b618-afb3-4346-bb34-1537dc5f0b1e, user_id=1, image=docker.io/python:3.11
2026-06-09 11:54:38,599 - src.routes.serverless_routes - INFO - POST /api/jobs - Request received: user_id=1
2026-06-09 11:54:38,602 - src.routes.serverless_routes - INFO - Job submitted: job_id=cfcab575-96f5-41c9-aa24-6b64c799654a, user_id=1, image=docker.io/python:3.11
2026-06-09 11:54:38,623 - src.routes.serverless_routes - INFO - POST /api/jobs - Request received: user_id=1
2026-06-09 11:54:38,643 - src.routes.serverless_routes - INFO - POST /api/jobs - Request received: user_id=1
2026-06-09 11:54:38,646 - src.routes.serverless_routes - INFO - Job submitted: job_id=d3bebaef-cb0b-498c-b522-64b5fd8b3337, user_id=1, image=python:3.11
2026-06-09 11:54:38,666 - src.routes.serverless_routes - INFO - POST /api/jobs - Request received: user_id=1
2026-06-09 11:54:38,668 - src.routes.serverless_routes - INFO - Job submitted: job_id=357ea6ee-9a93-4214-8a88-4dccf970dc72, user_id=1, image=ghcr.io/org/myapp:latest
2026-06-09 11:54:38,691 - src.routes.serverless_routes - INFO - POST /api/jobs - Request received: user_id=42
2026-06-09 11:54:38,694 - src.routes.serverless_routes - INFO - Job submitted: job_id=550e8400-e29b-41d4-a716-446655440000, user_id=42, image=docker.io/python:3.11
2026-06-09 11:54:38,717 - src.routes.serverless_routes - INFO - POST /api/jobs - Request received: user_id=7
2026-06-09 11:54:38,719 - src.routes.serverless_routes - INFO - Job submitted: job_id=a925ee15-822a-46d7-a987-0301a3b2b9d2, user_id=7, image=registry.example.com/myapp:v1
2026-06-09 11:54:38,747 - src.routes.serverless_routes - INFO - POST /api/jobs - Request received: user_id=1
2026-06-09 11:54:38,751 - src.routes.serverless_routes - INFO - Job submitted: job_id=4729900f-041d-4f42-ab3a-ce388fd80881, user_id=1, image=docker.io/alpine:latest
2026-06-09 11:54:38,795 - src.routes.serverless_routes - INFO - POST /api/jobs - Request received: user_id=1
2026-06-09 11:54:38,798 - src.routes.serverless_routes - INFO - Job submitted: job_id=a5f5f43b-5a7d-41a1-9392-7ce32240049f, user_id=1, image=docker.io/alpine:latest
2026-06-09 11:54:38,823 - src.routes.serverless_routes - INFO - POST /api/jobs - Request received: user_id=1
2026-06-09 11:54:38,827 - src.routes.serverless_routes - ERROR - Failed to insert job record: Connection refused
2026-06-09 11:54:38,852 - src.routes.serverless_routes - WARNING - GET /api/jobs/550e8400-e29b-41d4-a716-446655440000 - Authentication failed: no user_id in session
2026-06-09 11:54:38,881 - src.routes.serverless_routes - INFO - GET /api/jobs/550e8400-e29b-41d4-a716-446655440000 - Request received: user_id=1, job_id=550e8400-e29b-41d4-a716-446655440000
2026-06-09 11:54:38,906 - src.routes.serverless_routes - INFO - GET /api/jobs/550e8400-e29b-41d4-a716-446655440000 - Request received: user_id=1, job_id=550e8400-e29b-41d4-a716-446655440000
2026-06-09 11:54:38,930 - src.routes.serverless_routes - INFO - GET /api/jobs/550e8400-e29b-41d4-a716-446655440000 - Request received: user_id=42, job_id=550e8400-e29b-41d4-a716-446655440000
2026-06-09 11:54:38,931 - src.routes.serverless_routes - INFO - Job status retrieved: job_id=550e8400-e29b-41d4-a716-446655440000, user_id=42
2026-06-09 11:54:38,957 - src.routes.serverless_routes - INFO - GET /api/jobs/550e8400-e29b-41d4-a716-446655440000 - Request received: user_id=1, job_id=550e8400-e29b-41d4-a716-446655440000
2026-06-09 11:54:38,960 - src.routes.serverless_routes - INFO - Job status retrieved: job_id=550e8400-e29b-41d4-a716-446655440000, user_id=1
2026-06-09 11:54:38,981 - src.routes.serverless_routes - INFO - GET /api/jobs/550e8400-e29b-41d4-a716-446655440000 - Request received: user_id=42, job_id=550e8400-e29b-41d4-a716-446655440000
2026-06-09 11:54:38,983 - src.routes.serverless_routes - INFO - Job status retrieved: job_id=550e8400-e29b-41d4-a716-446655440000, user_id=42
2026-06-09 11:54:39,005 - src.routes.serverless_routes - INFO - GET /api/jobs/550e8400-e29b-41d4-a716-446655440000 - Request received: user_id=42, job_id=550e8400-e29b-41d4-a716-446655440000
2026-06-09 11:54:39,008 - src.routes.serverless_routes - INFO - Job status retrieved: job_id=550e8400-e29b-41d4-a716-446655440000, user_id=42
2026-06-09 11:54:39,030 - src.routes.serverless_routes - INFO - GET /api/jobs/550e8400-e29b-41d4-a716-446655440000 - Request received: user_id=1, job_id=550e8400-e29b-41d4-a716-446655440000
2026-06-09 11:54:39,032 - src.routes.serverless_routes - ERROR - Failed to query job 550e8400-e29b-41d4-a716-446655440000: Connection refused
2026-06-09 11:54:39,065 - src.routes.serverless_routes - WARNING - GET /api/jobs/550e8400-e29b-41d4-a716-446655440000/result - Authentication failed: no user_id in session
2026-06-09 11:54:39,094 - src.routes.serverless_routes - INFO - GET /api/jobs/550e8400-e29b-41d4-a716-446655440000/result - Request received: user_id=1, job_id=550e8400-e29b-41d4-a716-446655440000
2026-06-09 11:54:39,130 - src.routes.serverless_routes - INFO - GET /api/jobs/550e8400-e29b-41d4-a716-446655440000/result - Request received: user_id=1, job_id=550e8400-e29b-41d4-a716-446655440000
2026-06-09 11:54:39,161 - src.routes.serverless_routes - INFO - GET /api/jobs/550e8400-e29b-41d4-a716-446655440000/result - Request received: user_id=1, job_id=550e8400-e29b-41d4-a716-446655440000
2026-06-09 11:54:39,164 - src.routes.serverless_routes - INFO - Job result retrieved: job_id=550e8400-e29b-41d4-a716-446655440000, user_id=1
2026-06-09 11:54:39,197 - src.routes.serverless_routes - INFO - GET /api/jobs/550e8400-e29b-41d4-a716-446655440000/result - Request received: user_id=42, job_id=550e8400-e29b-41d4-a716-446655440000
2026-06-09 11:54:39,221 - src.routes.serverless_routes - INFO - GET /api/jobs/550e8400-e29b-41d4-a716-446655440000/result - Request received: user_id=42, job_id=550e8400-e29b-41d4-a716-446655440000
2026-06-09 11:54:39,243 - src.routes.serverless_routes - INFO - GET /api/jobs/550e8400-e29b-41d4-a716-446655440000/result - Request received: user_id=42, job_id=550e8400-e29b-41d4-a716-446655440000
2026-06-09 11:54:39,246 - src.routes.serverless_routes - INFO - Job result retrieved: job_id=550e8400-e29b-41d4-a716-446655440000, user_id=42
2026-06-09 11:54:39,267 - src.routes.serverless_routes - INFO - GET /api/jobs/550e8400-e29b-41d4-a716-446655440000/result - Request received: user_id=42, job_id=550e8400-e29b-41d4-a716-446655440000
2026-06-09 11:54:39,270 - src.routes.serverless_routes - INFO - Job result retrieved: job_id=550e8400-e29b-41d4-a716-446655440000, user_id=42
2026-06-09 11:54:39,293 - src.routes.serverless_routes - INFO - GET /api/jobs/550e8400-e29b-41d4-a716-446655440000/result - Request received: user_id=42, job_id=550e8400-e29b-41d4-a716-446655440000
2026-06-09 11:54:39,297 - src.routes.serverless_routes - INFO - Job result retrieved: job_id=550e8400-e29b-41d4-a716-446655440000, user_id=42
2026-06-09 11:54:39,317 - src.routes.serverless_routes - INFO - GET /api/jobs/550e8400-e29b-41d4-a716-446655440000/result - Request received: user_id=42, job_id=550e8400-e29b-41d4-a716-446655440000
2026-06-09 11:54:39,322 - src.routes.serverless_routes - INFO - Job result retrieved: job_id=550e8400-e29b-41d4-a716-446655440000, user_id=42
2026-06-09 11:54:39,344 - src.routes.serverless_routes - INFO - GET /api/jobs/550e8400-e29b-41d4-a716-446655440000/result - Request received: user_id=1, job_id=550e8400-e29b-41d4-a716-446655440000
2026-06-09 11:54:39,347 - src.routes.serverless_routes - ERROR - Failed to query job 550e8400-e29b-41d4-a716-446655440000: Connection refused
2026-06-09 11:54:39,364 - src.routes.serverless_routes - WARNING - POST /api/jobs/550e8400-e29b-41d4-a716-446655440000/cancel - Authentication failed: no user_id in session
2026-06-09 11:54:39,388 - src.routes.serverless_routes - INFO - POST /api/jobs/550e8400-e29b-41d4-a716-446655440000/cancel - Request received: user_id=1, job_id=550e8400-e29b-41d4-a716-446655440000
2026-06-09 11:54:39,411 - src.routes.serverless_routes - INFO - POST /api/jobs/550e8400-e29b-41d4-a716-446655440000/cancel - Request received: user_id=1, job_id=550e8400-e29b-41d4-a716-446655440000
2026-06-09 11:54:39,431 - src.routes.serverless_routes - INFO - POST /api/jobs/550e8400-e29b-41d4-a716-446655440000/cancel - Request received: user_id=1, job_id=550e8400-e29b-41d4-a716-446655440000
2026-06-09 11:54:39,434 - src.routes.serverless_routes - INFO - Job cancelled: job_id=550e8400-e29b-41d4-a716-446655440000, user_id=1
2026-06-09 11:54:39,455 - src.routes.serverless_routes - INFO - POST /api/jobs/550e8400-e29b-41d4-a716-446655440000/cancel - Request received: user_id=42, job_id=550e8400-e29b-41d4-a716-446655440000
2026-06-09 11:54:39,477 - src.routes.serverless_routes - INFO - POST /api/jobs/550e8400-e29b-41d4-a716-446655440000/cancel - Request received: user_id=42, job_id=550e8400-e29b-41d4-a716-446655440000
2026-06-09 11:54:39,498 - src.routes.serverless_routes - INFO - POST /api/jobs/550e8400-e29b-41d4-a716-446655440000/cancel - Request received: user_id=42, job_id=550e8400-e29b-41d4-a716-446655440000
2026-06-09 11:54:39,521 - src.routes.serverless_routes - INFO - POST /api/jobs/550e8400-e29b-41d4-a716-446655440000/cancel - Request received: user_id=42, job_id=550e8400-e29b-41d4-a716-446655440000
2026-06-09 11:54:39,544 - src.routes.serverless_routes - INFO - POST /api/jobs/550e8400-e29b-41d4-a716-446655440000/cancel - Request received: user_id=42, job_id=550e8400-e29b-41d4-a716-446655440000
2026-06-09 11:54:39,546 - src.routes.serverless_routes - INFO - Job cancelled: job_id=550e8400-e29b-41d4-a716-446655440000, user_id=42
2026-06-09 11:54:39,566 - src.routes.serverless_routes - INFO - POST /api/jobs/550e8400-e29b-41d4-a716-446655440000/cancel - Request received: user_id=42, job_id=550e8400-e29b-41d4-a716-446655440000
2026-06-09 11:54:39,569 - src.routes.serverless_routes - INFO - Job cancelled: job_id=550e8400-e29b-41d4-a716-446655440000, user_id=42
2026-06-09 11:54:39,594 - src.routes.serverless_routes - INFO - POST /api/jobs/550e8400-e29b-41d4-a716-446655440000/cancel - Request received: user_id=42, job_id=550e8400-e29b-41d4-a716-446655440000
2026-06-09 11:54:39,597 - src.routes.serverless_routes - INFO - Job cancelled: job_id=550e8400-e29b-41d4-a716-446655440000, user_id=42
2026-06-09 11:54:39,616 - src.routes.serverless_routes - INFO - POST /api/jobs/550e8400-e29b-41d4-a716-446655440000/cancel - Request received: user_id=42, job_id=550e8400-e29b-41d4-a716-446655440000
2026-06-09 11:54:39,618 - src.routes.serverless_routes - ERROR - Failed to cancel job 550e8400-e29b-41d4-a716-446655440000: Connection refused
2026-06-09 11:54:39,639 - src.routes.serverless_routes - WARNING - GET /api/jobs - Authentication failed: no user_id in session
2026-06-09 11:54:39,661 - src.routes.serverless_routes - INFO - GET /api/jobs - Request received: user_id=1
2026-06-09 11:54:39,663 - src.routes.serverless_routes - INFO - Jobs listed: user_id=1, is_admin=False, total=0
2026-06-09 11:54:39,685 - src.routes.serverless_routes - INFO - GET /api/jobs - Request received: user_id=1
2026-06-09 11:54:39,688 - src.routes.serverless_routes - INFO - Jobs listed: user_id=1, is_admin=False, total=50
2026-06-09 11:54:39,708 - src.routes.serverless_routes - INFO - GET /api/jobs - Request received: user_id=1
2026-06-09 11:54:39,712 - src.routes.serverless_routes - INFO - Jobs listed: user_id=1, is_admin=False, total=50
2026-06-09 11:54:39,733 - src.routes.serverless_routes - INFO - GET /api/jobs - Request received: user_id=1
2026-06-09 11:54:39,740 - src.routes.serverless_routes - INFO - Jobs listed: user_id=1, is_admin=False, total=0
2026-06-09 11:54:39,762 - src.routes.serverless_routes - INFO - GET /api/jobs - Request received: user_id=1
2026-06-09 11:54:39,765 - src.routes.serverless_routes - INFO - Jobs listed: user_id=1, is_admin=False, total=45
2026-06-09 11:54:39,793 - src.routes.serverless_routes - INFO - GET /api/jobs - Request received: user_id=1
2026-06-09 11:54:39,797 - src.routes.serverless_routes - INFO - Jobs listed: user_id=1, is_admin=False, total=0
2026-06-09 11:54:39,824 - src.routes.serverless_routes - INFO - GET /api/jobs - Request received: user_id=1
2026-06-09 11:54:39,848 - src.routes.serverless_routes - INFO - GET /api/jobs - Request received: user_id=1
2026-06-09 11:54:39,851 - src.routes.serverless_routes - INFO - Jobs listed: user_id=1, is_admin=False, total=0
2026-06-09 11:54:39,875 - src.routes.serverless_routes - INFO - GET /api/jobs - Request received: user_id=1
2026-06-09 11:54:39,877 - src.routes.serverless_routes - INFO - Jobs listed: user_id=1, is_admin=False, total=0
2026-06-09 11:54:39,899 - src.routes.serverless_routes - INFO - GET /api/jobs - Request received: user_id=1
2026-06-09 11:54:39,901 - src.routes.serverless_routes - INFO - Jobs listed: user_id=1, is_admin=False, total=2
2026-06-09 11:54:39,923 - src.routes.serverless_routes - INFO - GET /api/jobs - Request received: user_id=42
2026-06-09 11:54:39,926 - src.routes.serverless_routes - INFO - Jobs listed: user_id=42, is_admin=False, total=1
2026-06-09 11:54:39,948 - src.routes.serverless_routes - INFO - GET /api/jobs - Request received: user_id=1
2026-06-09 11:54:39,950 - src.routes.serverless_routes - INFO - Jobs listed: user_id=1, is_admin=True, total=10
2026-06-09 11:54:39,974 - src.routes.serverless_routes - INFO - GET /api/jobs - Request received: user_id=42
2026-06-09 11:54:39,976 - src.routes.serverless_routes - INFO - Jobs listed: user_id=42, is_admin=False, total=1
2026-06-09 11:54:39,996 - src.routes.serverless_routes - INFO - GET /api/jobs - Request received: user_id=1
2026-06-09 11:54:39,999 - src.routes.serverless_routes - ERROR - Failed to list jobs: Connection refused
2026-06-09 11:54:40,017 - src.routes.serverless_routes - WARNING - GET /api/jobs/metrics - Authentication failed: no user_id in session
2026-06-09 11:54:40,036 - src.routes.serverless_routes - INFO - GET /api/jobs/metrics - Request received: user_id=1
2026-06-09 11:54:40,039 - src.routes.serverless_routes - WARNING - GET /api/jobs/metrics - Access denied: user_id=1 is not admin
2026-06-09 11:54:40,057 - src.routes.serverless_routes - INFO - GET /api/jobs/metrics - Request received: user_id=1
2026-06-09 11:54:40,059 - src.routes.serverless_routes - WARNING - GET /api/jobs/metrics - Access denied: user_id=1 is not admin
2026-06-09 11:54:40,081 - src.routes.serverless_routes - INFO - GET /api/jobs/metrics - Request received: user_id=1
2026-06-09 11:54:40,083 - src.routes.serverless_routes - INFO - Metrics retrieved by admin user_id=1
2026-06-09 11:54:40,100 - src.routes.serverless_routes - INFO - GET /api/jobs/metrics - Request received: user_id=1
2026-06-09 11:54:40,103 - src.routes.serverless_routes - INFO - Metrics retrieved by admin user_id=1
2026-06-09 11:54:40,125 - src.routes.serverless_routes - INFO - GET /api/jobs/metrics - Request received: user_id=1
2026-06-09 11:54:40,127 - src.routes.serverless_routes - INFO - Metrics retrieved by admin user_id=1
2026-06-09 11:54:40,146 - src.routes.serverless_routes - INFO - GET /api/jobs/metrics - Request received: user_id=1
2026-06-09 11:54:40,149 - src.routes.serverless_routes - INFO - Metrics retrieved by admin user_id=1
2026-06-09 11:54:40,167 - src.routes.serverless_routes - INFO - GET /api/jobs/metrics - Request received: user_id=1
2026-06-09 11:54:40,169 - src.routes.serverless_routes - ERROR - Failed to retrieve metrics: Connection refused
2026-06-09 11:56:54,061 - src.routes.serverless_routes - WARNING - POST /api/jobs - Authentication failed: no user_id in session
2026-06-09 11:56:54,085 - src.routes.serverless_routes - INFO - POST /api/jobs - Request received: user_id=1
2026-06-09 11:56:54,088 - src.routes.serverless_routes - INFO - Job submitted: job_id=60fabb1c-88e8-4932-afeb-9a7d9332797c, user_id=1, image=docker.io/python:3.11
2026-06-09 11:56:54,111 - src.routes.serverless_routes - INFO - POST /api/jobs - Request received: user_id=1
2026-06-09 11:56:54,138 - src.routes.serverless_routes - INFO - POST /api/jobs - Request received: user_id=1
2026-06-09 11:56:54,161 - src.routes.serverless_routes - INFO - POST /api/jobs - Request received: user_id=1
2026-06-09 11:56:54,186 - src.routes.serverless_routes - INFO - POST /api/jobs - Request received: user_id=1
2026-06-09 11:56:54,209 - src.routes.serverless_routes - INFO - POST /api/jobs - Request received: user_id=1
2026-06-09 11:56:54,233 - src.routes.serverless_routes - INFO - POST /api/jobs - Request received: user_id=1
2026-06-09 11:56:54,258 - src.routes.serverless_routes - INFO - POST /api/jobs - Request received: user_id=1
2026-06-09 11:56:54,281 - src.routes.serverless_routes - INFO - POST /api/jobs - Request received: user_id=1
2026-06-09 11:56:54,332 - src.routes.serverless_routes - INFO - POST /api/jobs - Request received: user_id=1
2026-06-09 11:56:54,376 - src.routes.serverless_routes - INFO - POST /api/jobs - Request received: user_id=1
2026-06-09 11:56:54,413 - src.routes.serverless_routes - INFO - POST /api/jobs - Request received: user_id=1
2026-06-09 11:56:54,416 - src.routes.serverless_routes - INFO - Job submitted: job_id=50fa13d3-1b5a-4ff2-b98a-bdbe8658ba55, user_id=1, image=docker.io/python:3.11
2026-06-09 11:56:54,441 - src.routes.serverless_routes - INFO - POST /api/jobs - Request received: user_id=1
2026-06-09 11:56:54,445 - src.routes.serverless_routes - INFO - Job submitted: job_id=08a5fdf2-4aa2-4468-81d1-ede7bdd87555, user_id=1, image=docker.io/python:3.11
2026-06-09 11:56:54,473 - src.routes.serverless_routes - INFO - POST /api/jobs - Request received: user_id=1
2026-06-09 11:56:54,498 - src.routes.serverless_routes - INFO - POST /api/jobs - Request received: user_id=1
2026-06-09 11:56:54,501 - src.routes.serverless_routes - INFO - Job submitted: job_id=7cccd671-3f19-48fc-a2a1-fa3f7fc49c1c, user_id=1, image=python:3.11
2026-06-09 11:56:54,541 - src.routes.serverless_routes - INFO - POST /api/jobs - Request received: user_id=1
2026-06-09 11:56:54,543 - src.routes.serverless_routes - INFO - Job submitted: job_id=49f7e7cb-2739-4a6c-bedc-bc121b4780e8, user_id=1, image=ghcr.io/org/myapp:latest
2026-06-09 11:56:54,571 - src.routes.serverless_routes - INFO - POST /api/jobs - Request received: user_id=42
2026-06-09 11:56:54,573 - src.routes.serverless_routes - INFO - Job submitted: job_id=550e8400-e29b-41d4-a716-446655440000, user_id=42, image=docker.io/python:3.11
2026-06-09 11:56:54,597 - src.routes.serverless_routes - INFO - POST /api/jobs - Request received: user_id=7
2026-06-09 11:56:54,601 - src.routes.serverless_routes - INFO - Job submitted: job_id=e1212773-23fe-4ba7-8900-0803f2151d59, user_id=7, image=registry.example.com/myapp:v1
2026-06-09 11:56:54,624 - src.routes.serverless_routes - INFO - POST /api/jobs - Request received: user_id=1
2026-06-09 11:56:54,626 - src.routes.serverless_routes - INFO - Job submitted: job_id=09692a11-3bf5-428f-8713-83f6765778f8, user_id=1, image=docker.io/alpine:latest
2026-06-09 11:56:54,646 - src.routes.serverless_routes - INFO - POST /api/jobs - Request received: user_id=1
2026-06-09 11:56:54,648 - src.routes.serverless_routes - INFO - Job submitted: job_id=723cbac0-6c21-4667-a6d8-3db0953e4777, user_id=1, image=docker.io/alpine:latest
2026-06-09 11:56:54,671 - src.routes.serverless_routes - INFO - POST /api/jobs - Request received: user_id=1
2026-06-09 11:56:54,674 - src.routes.serverless_routes - ERROR - Failed to insert job record: Connection refused
2026-06-09 11:56:54,695 - src.routes.serverless_routes - WARNING - GET /api/jobs/550e8400-e29b-41d4-a716-446655440000 - Authentication failed: no user_id in session
2026-06-09 11:56:54,722 - src.routes.serverless_routes - INFO - GET /api/jobs/550e8400-e29b-41d4-a716-446655440000 - Request received: user_id=1, job_id=550e8400-e29b-41d4-a716-446655440000
2026-06-09 11:56:54,748 - src.routes.serverless_routes - INFO - GET /api/jobs/550e8400-e29b-41d4-a716-446655440000 - Request received: user_id=1, job_id=550e8400-e29b-41d4-a716-446655440000
2026-06-09 11:56:54,785 - src.routes.serverless_routes - INFO - GET /api/jobs/550e8400-e29b-41d4-a716-446655440000 - Request received: user_id=42, job_id=550e8400-e29b-41d4-a716-446655440000
2026-06-09 11:56:54,794 - src.routes.serverless_routes - INFO - Job status retrieved: job_id=550e8400-e29b-41d4-a716-446655440000, user_id=42
2026-06-09 11:56:54,818 - src.routes.serverless_routes - INFO - GET /api/jobs/550e8400-e29b-41d4-a716-446655440000 - Request received: user_id=1, job_id=550e8400-e29b-41d4-a716-446655440000
2026-06-09 11:56:54,822 - src.routes.serverless_routes - INFO - Job status retrieved: job_id=550e8400-e29b-41d4-a716-446655440000, user_id=1
2026-06-09 11:56:54,845 - src.routes.serverless_routes - INFO - GET /api/jobs/550e8400-e29b-41d4-a716-446655440000 - Request received: user_id=42, job_id=550e8400-e29b-41d4-a716-446655440000
2026-06-09 11:56:54,846 - src.routes.serverless_routes - INFO - Job status retrieved: job_id=550e8400-e29b-41d4-a716-446655440000, user_id=42
2026-06-09 11:56:54,889 - src.routes.serverless_routes - INFO - GET /api/jobs/550e8400-e29b-41d4-a716-446655440000 - Request received: user_id=42, job_id=550e8400-e29b-41d4-a716-446655440000
2026-06-09 11:56:54,893 - src.routes.serverless_routes - INFO - Job status retrieved: job_id=550e8400-e29b-41d4-a716-446655440000, user_id=42
2026-06-09 11:56:54,918 - src.routes.serverless_routes - INFO - GET /api/jobs/550e8400-e29b-41d4-a716-446655440000 - Request received: user_id=1, job_id=550e8400-e29b-41d4-a716-446655440000
2026-06-09 11:56:54,922 - src.routes.serverless_routes - ERROR - Failed to query job 550e8400-e29b-41d4-a716-446655440000: Connection refused
2026-06-09 11:56:54,944 - src.routes.serverless_routes - WARNING - GET /api/jobs/550e8400-e29b-41d4-a716-446655440000/result - Authentication failed: no user_id in session
2026-06-09 11:56:54,968 - src.routes.serverless_routes - INFO - GET /api/jobs/550e8400-e29b-41d4-a716-446655440000/result - Request received: user_id=1, job_id=550e8400-e29b-41d4-a716-446655440000
2026-06-09 11:56:54,995 - src.routes.serverless_routes - INFO - GET /api/jobs/550e8400-e29b-41d4-a716-446655440000/result - Request received: user_id=1, job_id=550e8400-e29b-41d4-a716-446655440000
2026-06-09 11:56:55,021 - src.routes.serverless_routes - INFO - GET /api/jobs/550e8400-e29b-41d4-a716-446655440000/result - Request received: user_id=1, job_id=550e8400-e29b-41d4-a716-446655440000
2026-06-09 11:56:55,025 - src.routes.serverless_routes - INFO - Job result retrieved: job_id=550e8400-e29b-41d4-a716-446655440000, user_id=1
2026-06-09 11:56:55,049 - src.routes.serverless_routes - INFO - GET /api/jobs/550e8400-e29b-41d4-a716-446655440000/result - Request received: user_id=42, job_id=550e8400-e29b-41d4-a716-446655440000
2026-06-09 11:56:55,075 - src.routes.serverless_routes - INFO - GET /api/jobs/550e8400-e29b-41d4-a716-446655440000/result - Request received: user_id=42, job_id=550e8400-e29b-41d4-a716-446655440000
2026-06-09 11:56:55,098 - src.routes.serverless_routes - INFO - GET /api/jobs/550e8400-e29b-41d4-a716-446655440000/result - Request received: user_id=42, job_id=550e8400-e29b-41d4-a716-446655440000
2026-06-09 11:56:55,103 - src.routes.serverless_routes - INFO - Job result retrieved: job_id=550e8400-e29b-41d4-a716-446655440000, user_id=42
2026-06-09 11:56:55,140 - src.routes.serverless_routes - INFO - GET /api/jobs/550e8400-e29b-41d4-a716-446655440000/result - Request received: user_id=42, job_id=550e8400-e29b-41d4-a716-446655440000
2026-06-09 11:56:55,144 - src.routes.serverless_routes - INFO - Job result retrieved: job_id=550e8400-e29b-41d4-a716-446655440000, user_id=42
2026-06-09 11:56:55,172 - src.routes.serverless_routes - INFO - GET /api/jobs/550e8400-e29b-41d4-a716-446655440000/result - Request received: user_id=42, job_id=550e8400-e29b-41d4-a716-446655440000
2026-06-09 11:56:55,176 - src.routes.serverless_routes - INFO - Job result retrieved: job_id=550e8400-e29b-41d4-a716-446655440000, user_id=42
2026-06-09 11:56:55,214 - src.routes.serverless_routes - INFO - GET /api/jobs/550e8400-e29b-41d4-a716-446655440000/result - Request received: user_id=42, job_id=550e8400-e29b-41d4-a716-446655440000
2026-06-09 11:56:55,217 - src.routes.serverless_routes - INFO - Job result retrieved: job_id=550e8400-e29b-41d4-a716-446655440000, user_id=42
2026-06-09 11:56:55,247 - src.routes.serverless_routes - INFO - GET /api/jobs/550e8400-e29b-41d4-a716-446655440000/result - Request received: user_id=1, job_id=550e8400-e29b-41d4-a716-446655440000
2026-06-09 11:56:55,250 - src.routes.serverless_routes - ERROR - Failed to query job 550e8400-e29b-41d4-a716-446655440000: Connection refused
2026-06-09 11:56:55,275 - src.routes.serverless_routes - WARNING - POST /api/jobs/550e8400-e29b-41d4-a716-446655440000/cancel - Authentication failed: no user_id in session
2026-06-09 11:56:55,299 - src.routes.serverless_routes - INFO - POST /api/jobs/550e8400-e29b-41d4-a716-446655440000/cancel - Request received: user_id=1, job_id=550e8400-e29b-41d4-a716-446655440000
2026-06-09 11:56:55,331 - src.routes.serverless_routes - INFO - POST /api/jobs/550e8400-e29b-41d4-a716-446655440000/cancel - Request received: user_id=1, job_id=550e8400-e29b-41d4-a716-446655440000
2026-06-09 11:56:55,360 - src.routes.serverless_routes - INFO - POST /api/jobs/550e8400-e29b-41d4-a716-446655440000/cancel - Request received: user_id=1, job_id=550e8400-e29b-41d4-a716-446655440000
2026-06-09 11:56:55,363 - src.routes.serverless_routes - INFO - Job cancelled: job_id=550e8400-e29b-41d4-a716-446655440000, user_id=1
2026-06-09 11:56:55,388 - src.routes.serverless_routes - INFO - POST /api/jobs/550e8400-e29b-41d4-a716-446655440000/cancel - Request received: user_id=42, job_id=550e8400-e29b-41d4-a716-446655440000
2026-06-09 11:56:55,412 - src.routes.serverless_routes - INFO - POST /api/jobs/550e8400-e29b-41d4-a716-446655440000/cancel - Request received: user_id=42, job_id=550e8400-e29b-41d4-a716-446655440000
2026-06-09 11:56:55,440 - src.routes.serverless_routes - INFO - POST /api/jobs/550e8400-e29b-41d4-a716-446655440000/cancel - Request received: user_id=42, job_id=550e8400-e29b-41d4-a716-446655440000
2026-06-09 11:56:55,463 - src.routes.serverless_routes - INFO - POST /api/jobs/550e8400-e29b-41d4-a716-446655440000/cancel - Request received: user_id=42, job_id=550e8400-e29b-41d4-a716-446655440000
2026-06-09 11:56:55,489 - src.routes.serverless_routes - INFO - POST /api/jobs/550e8400-e29b-41d4-a716-446655440000/cancel - Request received: user_id=42, job_id=550e8400-e29b-41d4-a716-446655440000
2026-06-09 11:56:55,491 - src.routes.serverless_routes - INFO - Job cancelled: job_id=550e8400-e29b-41d4-a716-446655440000, user_id=42
2026-06-09 11:56:55,515 - src.routes.serverless_routes - INFO - POST /api/jobs/550e8400-e29b-41d4-a716-446655440000/cancel - Request received: user_id=42, job_id=550e8400-e29b-41d4-a716-446655440000
2026-06-09 11:56:55,518 - src.routes.serverless_routes - INFO - Job cancelled: job_id=550e8400-e29b-41d4-a716-446655440000, user_id=42
2026-06-09 11:56:55,544 - src.routes.serverless_routes - INFO - POST /api/jobs/550e8400-e29b-41d4-a716-446655440000/cancel - Request received: user_id=42, job_id=550e8400-e29b-41d4-a716-446655440000
2026-06-09 11:56:55,547 - src.routes.serverless_routes - INFO - Job cancelled: job_id=550e8400-e29b-41d4-a716-446655440000, user_id=42
2026-06-09 11:56:55,570 - src.routes.serverless_routes - INFO - POST /api/jobs/550e8400-e29b-41d4-a716-446655440000/cancel - Request received: user_id=42, job_id=550e8400-e29b-41d4-a716-446655440000
2026-06-09 11:56:55,573 - src.routes.serverless_routes - ERROR - Failed to cancel job 550e8400-e29b-41d4-a716-446655440000: Connection refused
2026-06-09 11:56:55,665 - src.routes.serverless_routes - WARNING - GET /api/jobs - Authentication failed: no user_id in session
2026-06-09 11:56:55,692 - src.routes.serverless_routes - INFO - GET /api/jobs - Request received: user_id=1
2026-06-09 11:56:55,694 - src.routes.serverless_routes - INFO - Jobs listed: user_id=1, is_admin=False, total=0
2026-06-09 11:56:55,726 - src.routes.serverless_routes - INFO - GET /api/jobs - Request received: user_id=1
2026-06-09 11:56:55,730 - src.routes.serverless_routes - INFO - Jobs listed: user_id=1, is_admin=False, total=50
2026-06-09 11:56:55,751 - src.routes.serverless_routes - INFO - GET /api/jobs - Request received: user_id=1
2026-06-09 11:56:55,755 - src.routes.serverless_routes - INFO - Jobs listed: user_id=1, is_admin=False, total=50
2026-06-09 11:56:55,776 - src.routes.serverless_routes - INFO - GET /api/jobs - Request received: user_id=1
2026-06-09 11:56:55,781 - src.routes.serverless_routes - INFO - Jobs listed: user_id=1, is_admin=False, total=0
2026-06-09 11:56:55,809 - src.routes.serverless_routes - INFO - GET /api/jobs - Request received: user_id=1
2026-06-09 11:56:55,813 - src.routes.serverless_routes - INFO - Jobs listed: user_id=1, is_admin=False, total=45
2026-06-09 11:56:55,838 - src.routes.serverless_routes - INFO - GET /api/jobs - Request received: user_id=1
2026-06-09 11:56:55,842 - src.routes.serverless_routes - INFO - Jobs listed: user_id=1, is_admin=False, total=0
2026-06-09 11:56:55,868 - src.routes.serverless_routes - INFO - GET /api/jobs - Request received: user_id=1
2026-06-09 11:56:55,893 - src.routes.serverless_routes - INFO - GET /api/jobs - Request received: user_id=1
2026-06-09 11:56:55,897 - src.routes.serverless_routes - INFO - Jobs listed: user_id=1, is_admin=False, total=0
2026-06-09 11:56:55,922 - src.routes.serverless_routes - INFO - GET /api/jobs - Request received: user_id=1
2026-06-09 11:56:55,925 - src.routes.serverless_routes - INFO - Jobs listed: user_id=1, is_admin=False, total=0
2026-06-09 11:56:55,950 - src.routes.serverless_routes - INFO - GET /api/jobs - Request received: user_id=1
2026-06-09 11:56:55,952 - src.routes.serverless_routes - INFO - Jobs listed: user_id=1, is_admin=False, total=2
2026-06-09 11:56:55,978 - src.routes.serverless_routes - INFO - GET /api/jobs - Request received: user_id=42
2026-06-09 11:56:55,981 - src.routes.serverless_routes - INFO - Jobs listed: user_id=42, is_admin=False, total=1
2026-06-09 11:56:56,007 - src.routes.serverless_routes - INFO - GET /api/jobs - Request received: user_id=1
2026-06-09 11:56:56,011 - src.routes.serverless_routes - INFO - Jobs listed: user_id=1, is_admin=True, total=10
2026-06-09 11:56:56,030 - src.routes.serverless_routes - INFO - GET /api/jobs - Request received: user_id=42
2026-06-09 11:56:56,033 - src.routes.serverless_routes - INFO - Jobs listed: user_id=42, is_admin=False, total=1
2026-06-09 11:56:56,060 - src.routes.serverless_routes - INFO - GET /api/jobs - Request received: user_id=1
2026-06-09 11:56:56,063 - src.routes.serverless_routes - ERROR - Failed to list jobs: Connection refused
2026-06-09 11:56:56,082 - src.routes.serverless_routes - WARNING - GET /api/jobs/metrics - Authentication failed: no user_id in session
2026-06-09 11:56:56,107 - src.routes.serverless_routes - INFO - GET /api/jobs/metrics - Request received: user_id=1
2026-06-09 11:56:56,109 - src.routes.serverless_routes - WARNING - GET /api/jobs/metrics - Access denied: user_id=1 is not admin
2026-06-09 11:56:56,131 - src.routes.serverless_routes - INFO - GET /api/jobs/metrics - Request received: user_id=1
2026-06-09 11:56:56,133 - src.routes.serverless_routes - WARNING - GET /api/jobs/metrics - Access denied: user_id=1 is not admin
2026-06-09 11:56:56,158 - src.routes.serverless_routes - INFO - GET /api/jobs/metrics - Request received: user_id=1
2026-06-09 11:56:56,161 - src.routes.serverless_routes - INFO - Metrics retrieved by admin user_id=1
2026-06-09 11:56:56,187 - src.routes.serverless_routes - INFO - GET /api/jobs/metrics - Request received: user_id=1
2026-06-09 11:56:56,190 - src.routes.serverless_routes - INFO - Metrics retrieved by admin user_id=1
2026-06-09 11:56:56,211 - src.routes.serverless_routes - INFO - GET /api/jobs/metrics - Request received: user_id=1
2026-06-09 11:56:56,213 - src.routes.serverless_routes - INFO - Metrics retrieved by admin user_id=1
2026-06-09 11:56:56,238 - src.routes.serverless_routes - INFO - GET /api/jobs/metrics - Request received: user_id=1
2026-06-09 11:56:56,241 - src.routes.serverless_routes - INFO - Metrics retrieved by admin user_id=1
2026-06-09 11:56:56,270 - src.routes.serverless_routes - INFO - GET /api/jobs/metrics - Request received: user_id=1
2026-06-09 11:56:56,273 - src.routes.serverless_routes - ERROR - Failed to retrieve metrics: Connection refused
2026-06-09 12:03:51,465 - src.routes.serverless_routes - WARNING - POST /api/jobs - Authentication failed: no user_id in session
2026-06-09 12:03:51,486 - src.routes.serverless_routes - INFO - POST /api/jobs - Request received: user_id=1
2026-06-09 12:03:51,488 - src.routes.serverless_routes - INFO - Job submitted: job_id=a8653c1e-71fc-4eb7-b5ef-213d72f351c4, user_id=1, image=docker.io/python:3.11
2026-06-09 12:03:51,509 - src.routes.serverless_routes - INFO - POST /api/jobs - Request received: user_id=1
2026-06-09 12:03:51,531 - src.routes.serverless_routes - INFO - POST /api/jobs - Request received: user_id=1
2026-06-09 12:03:51,557 - src.routes.serverless_routes - INFO - POST /api/jobs - Request received: user_id=1
2026-06-09 12:03:51,578 - src.routes.serverless_routes - INFO - POST /api/jobs - Request received: user_id=1
2026-06-09 12:03:51,602 - src.routes.serverless_routes - INFO - POST /api/jobs - Request received: user_id=1
2026-06-09 12:03:51,625 - src.routes.serverless_routes - INFO - POST /api/jobs - Request received: user_id=1
2026-06-09 12:03:51,653 - src.routes.serverless_routes - INFO - POST /api/jobs - Request received: user_id=1
2026-06-09 12:03:51,689 - src.routes.serverless_routes - INFO - POST /api/jobs - Request received: user_id=1
2026-06-09 12:03:51,732 - src.routes.serverless_routes - INFO - POST /api/jobs - Request received: user_id=1
2026-06-09 12:03:51,759 - src.routes.serverless_routes - INFO - POST /api/jobs - Request received: user_id=1
2026-06-09 12:03:51,782 - src.routes.serverless_routes - INFO - POST /api/jobs - Request received: user_id=1
2026-06-09 12:03:51,786 - src.routes.serverless_routes - INFO - Job submitted: job_id=9eb5b36a-3df1-4e96-8ff3-bfa9ae081ab2, user_id=1, image=docker.io/python:3.11
2026-06-09 12:03:51,807 - src.routes.serverless_routes - INFO - POST /api/jobs - Request received: user_id=1
2026-06-09 12:03:51,810 - src.routes.serverless_routes - INFO - Job submitted: job_id=6cce9b07-583c-45a2-b7df-7383f5cce323, user_id=1, image=docker.io/python:3.11
2026-06-09 12:03:51,830 - src.routes.serverless_routes - INFO - POST /api/jobs - Request received: user_id=1
2026-06-09 12:03:51,855 - src.routes.serverless_routes - INFO - POST /api/jobs - Request received: user_id=1
2026-06-09 12:03:51,857 - src.routes.serverless_routes - INFO - Job submitted: job_id=54fcd2b4-8d4d-4a79-bab9-b428e241abc0, user_id=1, image=python:3.11
2026-06-09 12:03:51,880 - src.routes.serverless_routes - INFO - POST /api/jobs - Request received: user_id=1
2026-06-09 12:03:51,884 - src.routes.serverless_routes - INFO - Job submitted: job_id=cf87966a-27ed-4864-8618-3d4f4343ecf3, user_id=1, image=ghcr.io/org/myapp:latest
2026-06-09 12:03:51,904 - src.routes.serverless_routes - INFO - POST /api/jobs - Request received: user_id=42
2026-06-09 12:03:51,907 - src.routes.serverless_routes - INFO - Job submitted: job_id=550e8400-e29b-41d4-a716-446655440000, user_id=42, image=docker.io/python:3.11
2026-06-09 12:03:51,932 - src.routes.serverless_routes - INFO - POST /api/jobs - Request received: user_id=7
2026-06-09 12:03:51,934 - src.routes.serverless_routes - INFO - Job submitted: job_id=6cf7bf77-855f-4fec-ad70-3727c80528fa, user_id=7, image=registry.example.com/myapp:v1
2026-06-09 12:03:51,956 - src.routes.serverless_routes - INFO - POST /api/jobs - Request received: user_id=1
2026-06-09 12:03:51,959 - src.routes.serverless_routes - INFO - Job submitted: job_id=352468b9-bd7c-4956-ac4b-b5517779f331, user_id=1, image=docker.io/alpine:latest
2026-06-09 12:03:51,980 - src.routes.serverless_routes - INFO - POST /api/jobs - Request received: user_id=1
2026-06-09 12:03:51,982 - src.routes.serverless_routes - INFO - Job submitted: job_id=a24fa6e4-37ef-4e2c-929a-cb60becd6800, user_id=1, image=docker.io/alpine:latest
2026-06-09 12:03:52,005 - src.routes.serverless_routes - INFO - POST /api/jobs - Request received: user_id=1
2026-06-09 12:03:52,008 - src.routes.serverless_routes - ERROR - Failed to insert job record: Connection refused
2026-06-09 12:03:52,030 - src.routes.serverless_routes - WARNING - GET /api/jobs/550e8400-e29b-41d4-a716-446655440000 - Authentication failed: no user_id in session
2026-06-09 12:03:52,060 - src.routes.serverless_routes - INFO - GET /api/jobs/550e8400-e29b-41d4-a716-446655440000 - Request received: user_id=1, job_id=550e8400-e29b-41d4-a716-446655440000
2026-06-09 12:03:52,085 - src.routes.serverless_routes - INFO - GET /api/jobs/550e8400-e29b-41d4-a716-446655440000 - Request received: user_id=1, job_id=550e8400-e29b-41d4-a716-446655440000
2026-06-09 12:03:52,107 - src.routes.serverless_routes - INFO - GET /api/jobs/550e8400-e29b-41d4-a716-446655440000 - Request received: user_id=42, job_id=550e8400-e29b-41d4-a716-446655440000
2026-06-09 12:03:52,110 - src.routes.serverless_routes - INFO - Job status retrieved: job_id=550e8400-e29b-41d4-a716-446655440000, user_id=42
2026-06-09 12:03:52,130 - src.routes.serverless_routes - INFO - GET /api/jobs/550e8400-e29b-41d4-a716-446655440000 - Request received: user_id=1, job_id=550e8400-e29b-41d4-a716-446655440000
2026-06-09 12:03:52,133 - src.routes.serverless_routes - INFO - Job status retrieved: job_id=550e8400-e29b-41d4-a716-446655440000, user_id=1
2026-06-09 12:03:52,155 - src.routes.serverless_routes - INFO - GET /api/jobs/550e8400-e29b-41d4-a716-446655440000 - Request received: user_id=42, job_id=550e8400-e29b-41d4-a716-446655440000
2026-06-09 12:03:52,157 - src.routes.serverless_routes - INFO - Job status retrieved: job_id=550e8400-e29b-41d4-a716-446655440000, user_id=42
2026-06-09 12:03:52,183 - src.routes.serverless_routes - INFO - GET /api/jobs/550e8400-e29b-41d4-a716-446655440000 - Request received: user_id=42, job_id=550e8400-e29b-41d4-a716-446655440000
2026-06-09 12:03:52,186 - src.routes.serverless_routes - INFO - Job status retrieved: job_id=550e8400-e29b-41d4-a716-446655440000, user_id=42
2026-06-09 12:03:52,210 - src.routes.serverless_routes - INFO - GET /api/jobs/550e8400-e29b-41d4-a716-446655440000 - Request received: user_id=1, job_id=550e8400-e29b-41d4-a716-446655440000
2026-06-09 12:03:52,213 - src.routes.serverless_routes - ERROR - Failed to query job 550e8400-e29b-41d4-a716-446655440000: Connection refused
2026-06-09 12:03:52,233 - src.routes.serverless_routes - WARNING - GET /api/jobs/550e8400-e29b-41d4-a716-446655440000/result - Authentication failed: no user_id in session
2026-06-09 12:03:52,257 - src.routes.serverless_routes - INFO - GET /api/jobs/550e8400-e29b-41d4-a716-446655440000/result - Request received: user_id=1, job_id=550e8400-e29b-41d4-a716-446655440000
2026-06-09 12:03:52,287 - src.routes.serverless_routes - INFO - GET /api/jobs/550e8400-e29b-41d4-a716-446655440000/result - Request received: user_id=1, job_id=550e8400-e29b-41d4-a716-446655440000
2026-06-09 12:03:52,318 - src.routes.serverless_routes - INFO - GET /api/jobs/550e8400-e29b-41d4-a716-446655440000/result - Request received: user_id=1, job_id=550e8400-e29b-41d4-a716-446655440000
2026-06-09 12:03:52,321 - src.routes.serverless_routes - INFO - Job result retrieved: job_id=550e8400-e29b-41d4-a716-446655440000, user_id=1
2026-06-09 12:03:52,344 - src.routes.serverless_routes - INFO - GET /api/jobs/550e8400-e29b-41d4-a716-446655440000/result - Request received: user_id=42, job_id=550e8400-e29b-41d4-a716-446655440000
2026-06-09 12:03:52,370 - src.routes.serverless_routes - INFO - GET /api/jobs/550e8400-e29b-41d4-a716-446655440000/result - Request received: user_id=42, job_id=550e8400-e29b-41d4-a716-446655440000
2026-06-09 12:03:52,397 - src.routes.serverless_routes - INFO - GET /api/jobs/550e8400-e29b-41d4-a716-446655440000/result - Request received: user_id=42, job_id=550e8400-e29b-41d4-a716-446655440000
2026-06-09 12:03:52,400 - src.routes.serverless_routes - INFO - Job result retrieved: job_id=550e8400-e29b-41d4-a716-446655440000, user_id=42
2026-06-09 12:03:52,425 - src.routes.serverless_routes - INFO - GET /api/jobs/550e8400-e29b-41d4-a716-446655440000/result - Request received: user_id=42, job_id=550e8400-e29b-41d4-a716-446655440000
2026-06-09 12:03:52,427 - src.routes.serverless_routes - INFO - Job result retrieved: job_id=550e8400-e29b-41d4-a716-446655440000, user_id=42
2026-06-09 12:03:52,452 - src.routes.serverless_routes - INFO - GET /api/jobs/550e8400-e29b-41d4-a716-446655440000/result - Request received: user_id=42, job_id=550e8400-e29b-41d4-a716-446655440000
2026-06-09 12:03:52,454 - src.routes.serverless_routes - INFO - Job result retrieved: job_id=550e8400-e29b-41d4-a716-446655440000, user_id=42
2026-06-09 12:03:52,480 - src.routes.serverless_routes - INFO - GET /api/jobs/550e8400-e29b-41d4-a716-446655440000/result - Request received: user_id=42, job_id=550e8400-e29b-41d4-a716-446655440000
2026-06-09 12:03:52,486 - src.routes.serverless_routes - INFO - Job result retrieved: job_id=550e8400-e29b-41d4-a716-446655440000, user_id=42
2026-06-09 12:03:52,511 - src.routes.serverless_routes - INFO - GET /api/jobs/550e8400-e29b-41d4-a716-446655440000/result - Request received: user_id=1, job_id=550e8400-e29b-41d4-a716-446655440000
2026-06-09 12:03:52,515 - src.routes.serverless_routes - ERROR - Failed to query job 550e8400-e29b-41d4-a716-446655440000: Connection refused
2026-06-09 12:03:52,537 - src.routes.serverless_routes - WARNING - POST /api/jobs/550e8400-e29b-41d4-a716-446655440000/cancel - Authentication failed: no user_id in session
2026-06-09 12:03:52,568 - src.routes.serverless_routes - INFO - POST /api/jobs/550e8400-e29b-41d4-a716-446655440000/cancel - Request received: user_id=1, job_id=550e8400-e29b-41d4-a716-446655440000
2026-06-09 12:03:52,598 - src.routes.serverless_routes - INFO - POST /api/jobs/550e8400-e29b-41d4-a716-446655440000/cancel - Request received: user_id=1, job_id=550e8400-e29b-41d4-a716-446655440000
2026-06-09 12:03:52,627 - src.routes.serverless_routes - INFO - POST /api/jobs/550e8400-e29b-41d4-a716-446655440000/cancel - Request received: user_id=1, job_id=550e8400-e29b-41d4-a716-446655440000
2026-06-09 12:03:52,630 - src.routes.serverless_routes - INFO - Job cancelled: job_id=550e8400-e29b-41d4-a716-446655440000, user_id=1
2026-06-09 12:03:52,659 - src.routes.serverless_routes - INFO - POST /api/jobs/550e8400-e29b-41d4-a716-446655440000/cancel - Request received: user_id=42, job_id=550e8400-e29b-41d4-a716-446655440000
2026-06-09 12:03:52,680 - src.routes.serverless_routes - INFO - POST /api/jobs/550e8400-e29b-41d4-a716-446655440000/cancel - Request received: user_id=42, job_id=550e8400-e29b-41d4-a716-446655440000
2026-06-09 12:03:52,705 - src.routes.serverless_routes - INFO - POST /api/jobs/550e8400-e29b-41d4-a716-446655440000/cancel - Request received: user_id=42, job_id=550e8400-e29b-41d4-a716-446655440000
2026-06-09 12:03:52,734 - src.routes.serverless_routes - INFO - POST /api/jobs/550e8400-e29b-41d4-a716-446655440000/cancel - Request received: user_id=42, job_id=550e8400-e29b-41d4-a716-446655440000
2026-06-09 12:03:52,760 - src.routes.serverless_routes - INFO - POST /api/jobs/550e8400-e29b-41d4-a716-446655440000/cancel - Request received: user_id=42, job_id=550e8400-e29b-41d4-a716-446655440000
2026-06-09 12:03:52,762 - src.routes.serverless_routes - INFO - Job cancelled: job_id=550e8400-e29b-41d4-a716-446655440000, user_id=42
2026-06-09 12:03:52,787 - src.routes.serverless_routes - INFO - POST /api/jobs/550e8400-e29b-41d4-a716-446655440000/cancel - Request received: user_id=42, job_id=550e8400-e29b-41d4-a716-446655440000
2026-06-09 12:03:52,790 - src.routes.serverless_routes - INFO - Job cancelled: job_id=550e8400-e29b-41d4-a716-446655440000, user_id=42
2026-06-09 12:03:52,816 - src.routes.serverless_routes - INFO - POST /api/jobs/550e8400-e29b-41d4-a716-446655440000/cancel - Request received: user_id=42, job_id=550e8400-e29b-41d4-a716-446655440000
2026-06-09 12:03:52,819 - src.routes.serverless_routes - INFO - Job cancelled: job_id=550e8400-e29b-41d4-a716-446655440000, user_id=42
2026-06-09 12:03:52,838 - src.routes.serverless_routes - INFO - POST /api/jobs/550e8400-e29b-41d4-a716-446655440000/cancel - Request received: user_id=42, job_id=550e8400-e29b-41d4-a716-446655440000
2026-06-09 12:03:52,841 - src.routes.serverless_routes - ERROR - Failed to cancel job 550e8400-e29b-41d4-a716-446655440000: Connection refused
2026-06-09 12:03:52,862 - src.routes.serverless_routes - WARNING - GET /api/jobs - Authentication failed: no user_id in session
2026-06-09 12:03:52,883 - src.routes.serverless_routes - INFO - GET /api/jobs - Request received: user_id=1
2026-06-09 12:03:52,885 - src.routes.serverless_routes - INFO - Jobs listed: user_id=1, is_admin=False, total=0
2026-06-09 12:03:52,906 - src.routes.serverless_routes - INFO - GET /api/jobs - Request received: user_id=1
2026-06-09 12:03:52,909 - src.routes.serverless_routes - INFO - Jobs listed: user_id=1, is_admin=False, total=50
2026-06-09 12:03:52,934 - src.routes.serverless_routes - INFO - GET /api/jobs - Request received: user_id=1
2026-06-09 12:03:52,937 - src.routes.serverless_routes - INFO - Jobs listed: user_id=1, is_admin=False, total=50
2026-06-09 12:03:52,960 - src.routes.serverless_routes - INFO - GET /api/jobs - Request received: user_id=1
2026-06-09 12:03:52,963 - src.routes.serverless_routes - INFO - Jobs listed: user_id=1, is_admin=False, total=0
2026-06-09 12:03:52,986 - src.routes.serverless_routes - INFO - GET /api/jobs - Request received: user_id=1
2026-06-09 12:03:52,988 - src.routes.serverless_routes - INFO - Jobs listed: user_id=1, is_admin=False, total=45
2026-06-09 12:03:53,010 - src.routes.serverless_routes - INFO - GET /api/jobs - Request received: user_id=1
2026-06-09 12:03:53,012 - src.routes.serverless_routes - INFO - Jobs listed: user_id=1, is_admin=False, total=0
2026-06-09 12:03:53,033 - src.routes.serverless_routes - INFO - GET /api/jobs - Request received: user_id=1
2026-06-09 12:03:53,057 - src.routes.serverless_routes - INFO - GET /api/jobs - Request received: user_id=1
2026-06-09 12:03:53,060 - src.routes.serverless_routes - INFO - Jobs listed: user_id=1, is_admin=False, total=0
2026-06-09 12:03:53,081 - src.routes.serverless_routes - INFO - GET /api/jobs - Request received: user_id=1
2026-06-09 12:03:53,084 - src.routes.serverless_routes - INFO - Jobs listed: user_id=1, is_admin=False, total=0
2026-06-09 12:03:53,109 - src.routes.serverless_routes - INFO - GET /api/jobs - Request received: user_id=1
2026-06-09 12:03:53,112 - src.routes.serverless_routes - INFO - Jobs listed: user_id=1, is_admin=False, total=2
2026-06-09 12:03:53,133 - src.routes.serverless_routes - INFO - GET /api/jobs - Request received: user_id=42
2026-06-09 12:03:53,135 - src.routes.serverless_routes - INFO - Jobs listed: user_id=42, is_admin=False, total=1
2026-06-09 12:03:53,168 - src.routes.serverless_routes - INFO - GET /api/jobs - Request received: user_id=1
2026-06-09 12:03:53,170 - src.routes.serverless_routes - INFO - Jobs listed: user_id=1, is_admin=True, total=10
2026-06-09 12:03:53,194 - src.routes.serverless_routes - INFO - GET /api/jobs - Request received: user_id=42
2026-06-09 12:03:53,196 - src.routes.serverless_routes - INFO - Jobs listed: user_id=42, is_admin=False, total=1
2026-06-09 12:03:53,233 - src.routes.serverless_routes - INFO - GET /api/jobs - Request received: user_id=1
2026-06-09 12:03:53,237 - src.routes.serverless_routes - ERROR - Failed to list jobs: Connection refused
2026-06-09 12:03:53,329 - src.routes.serverless_routes - WARNING - GET /api/jobs/metrics - Authentication failed: no user_id in session
2026-06-09 12:03:53,349 - src.routes.serverless_routes - INFO - GET /api/jobs/metrics - Request received: user_id=1
2026-06-09 12:03:53,351 - src.routes.serverless_routes - WARNING - GET /api/jobs/metrics - Access denied: user_id=1 is not admin
2026-06-09 12:03:53,374 - src.routes.serverless_routes - INFO - GET /api/jobs/metrics - Request received: user_id=1
2026-06-09 12:03:53,377 - src.routes.serverless_routes - WARNING - GET /api/jobs/metrics - Access denied: user_id=1 is not admin
2026-06-09 12:03:53,404 - src.routes.serverless_routes - INFO - GET /api/jobs/metrics - Request received: user_id=1
2026-06-09 12:03:53,408 - src.routes.serverless_routes - INFO - Metrics retrieved by admin user_id=1
2026-06-09 12:03:53,430 - src.routes.serverless_routes - INFO - GET /api/jobs/metrics - Request received: user_id=1
2026-06-09 12:03:53,433 - src.routes.serverless_routes - INFO - Metrics retrieved by admin user_id=1
2026-06-09 12:03:53,455 - src.routes.serverless_routes - INFO - GET /api/jobs/metrics - Request received: user_id=1
2026-06-09 12:03:53,458 - src.routes.serverless_routes - INFO - Metrics retrieved by admin user_id=1
2026-06-09 12:03:53,477 - src.routes.serverless_routes - INFO - GET /api/jobs/metrics - Request received: user_id=1
2026-06-09 12:03:53,480 - src.routes.serverless_routes - INFO - Metrics retrieved by admin user_id=1
2026-06-09 12:03:53,501 - src.routes.serverless_routes - INFO - GET /api/jobs/metrics - Request received: user_id=1
2026-06-09 12:03:53,504 - src.routes.serverless_routes - ERROR - Failed to retrieve metrics: Connection refused
2026-06-09 12:26:31,467 - src.routes.serverless_routes - WARNING - POST /api/jobs - Authentication failed: no user_id in session
2026-06-09 12:26:31,473 - src.routes.serverless_routes - INFO - POST /api/jobs - Request received: user_id=1
2026-06-09 12:26:31,473 - src.routes.serverless_routes - INFO - Job submitted: job_id=8fab3a70-22dc-4421-a685-2435736f6d59, user_id=1, image=docker.io/python:3.11
2026-06-09 12:26:31,478 - src.routes.serverless_routes - INFO - POST /api/jobs - Request received: user_id=1
2026-06-09 12:26:31,481 - src.routes.serverless_routes - INFO - POST /api/jobs - Request received: user_id=1
2026-06-09 12:26:31,485 - src.routes.serverless_routes - INFO - POST /api/jobs - Request received: user_id=1
2026-06-09 12:26:31,491 - src.routes.serverless_routes - INFO - POST /api/jobs - Request received: user_id=1
2026-06-09 12:26:31,496 - src.routes.serverless_routes - INFO - POST /api/jobs - Request received: user_id=1
2026-06-09 12:26:31,500 - src.routes.serverless_routes - INFO - POST /api/jobs - Request received: user_id=1
2026-06-09 12:26:31,506 - src.routes.serverless_routes - INFO - POST /api/jobs - Request received: user_id=1
2026-06-09 12:26:31,511 - src.routes.serverless_routes - INFO - POST /api/jobs - Request received: user_id=1
2026-06-09 12:26:31,515 - src.routes.serverless_routes - INFO - POST /api/jobs - Request received: user_id=1
2026-06-09 12:26:31,521 - src.routes.serverless_routes - INFO - POST /api/jobs - Request received: user_id=1
2026-06-09 12:26:31,528 - src.routes.serverless_routes - INFO - POST /api/jobs - Request received: user_id=1
2026-06-09 12:26:31,528 - src.routes.serverless_routes - INFO - Job submitted: job_id=10da01a8-f725-4d37-8d8b-1d3932e04afa, user_id=1, image=docker.io/python:3.11
2026-06-09 12:26:31,535 - src.routes.serverless_routes - INFO - POST /api/jobs - Request received: user_id=1
2026-06-09 12:26:31,535 - src.routes.serverless_routes - INFO - Job submitted: job_id=3087750b-5a5e-4a25-b361-2e62255c80b1, user_id=1, image=docker.io/python:3.11
2026-06-09 12:26:31,540 - src.routes.serverless_routes - INFO - POST /api/jobs - Request received: user_id=1
2026-06-09 12:26:31,545 - src.routes.serverless_routes - INFO - POST /api/jobs - Request received: user_id=1
2026-06-09 12:26:31,545 - src.routes.serverless_routes - INFO - Job submitted: job_id=07bba6e0-20db-4e34-aa5c-9c6070bdd491, user_id=1, image=python:3.11
2026-06-09 12:26:31,551 - src.routes.serverless_routes - INFO - POST /api/jobs - Request received: user_id=1
2026-06-09 12:26:31,552 - src.routes.serverless_routes - INFO - Job submitted: job_id=40c1ed9b-232c-4b03-83d1-23e9660d0601, user_id=1, image=ghcr.io/org/myapp:latest
2026-06-09 12:26:31,556 - src.routes.serverless_routes - INFO - POST /api/jobs - Request received: user_id=42
2026-06-09 12:26:31,557 - src.routes.serverless_routes - INFO - Job submitted: job_id=550e8400-e29b-41d4-a716-446655440000, user_id=42, image=docker.io/python:3.11
2026-06-09 12:26:31,561 - src.routes.serverless_routes - INFO - POST /api/jobs - Request received: user_id=7
2026-06-09 12:26:31,561 - src.routes.serverless_routes - INFO - Job submitted: job_id=de3ec2f2-355e-4251-9fcf-c7425d73b8c5, user_id=7, image=registry.example.com/myapp:v1
2026-06-09 12:26:31,569 - src.routes.serverless_routes - INFO - POST /api/jobs - Request received: user_id=1
2026-06-09 12:26:31,569 - src.routes.serverless_routes - INFO - Job submitted: job_id=87ee5158-8e93-495c-9d0b-6ec2ba34511a, user_id=1, image=docker.io/alpine:latest
2026-06-09 12:26:31,573 - src.routes.serverless_routes - INFO - POST /api/jobs - Request received: user_id=1
2026-06-09 12:26:31,574 - src.routes.serverless_routes - INFO - Job submitted: job_id=fa0874e1-6e8f-437b-80ab-5305f20d88c5, user_id=1, image=docker.io/alpine:latest
2026-06-09 12:26:31,577 - src.routes.serverless_routes - INFO - POST /api/jobs - Request received: user_id=1
2026-06-09 12:26:31,577 - src.routes.serverless_routes - ERROR - Failed to insert job record: Connection refused
2026-06-09 12:26:31,581 - src.routes.serverless_routes - WARNING - GET /api/jobs/550e8400-e29b-41d4-a716-446655440000 - Authentication failed: no user_id in session
2026-06-09 12:26:31,587 - src.routes.serverless_routes - INFO - GET /api/jobs/550e8400-e29b-41d4-a716-446655440000 - Request received: user_id=1, job_id=550e8400-e29b-41d4-a716-446655440000
2026-06-09 12:26:31,593 - src.routes.serverless_routes - INFO - GET /api/jobs/550e8400-e29b-41d4-a716-446655440000 - Request received: user_id=1, job_id=550e8400-e29b-41d4-a716-446655440000
2026-06-09 12:26:31,598 - src.routes.serverless_routes - INFO - GET /api/jobs/550e8400-e29b-41d4-a716-446655440000 - Request received: user_id=42, job_id=550e8400-e29b-41d4-a716-446655440000
2026-06-09 12:26:31,598 - src.routes.serverless_routes - INFO - Job status retrieved: job_id=550e8400-e29b-41d4-a716-446655440000, user_id=42
2026-06-09 12:26:31,604 - src.routes.serverless_routes - INFO - GET /api/jobs/550e8400-e29b-41d4-a716-446655440000 - Request received: user_id=1, job_id=550e8400-e29b-41d4-a716-446655440000
2026-06-09 12:26:31,604 - src.routes.serverless_routes - INFO - Job status retrieved: job_id=550e8400-e29b-41d4-a716-446655440000, user_id=1
2026-06-09 12:26:31,614 - src.routes.serverless_routes - INFO - GET /api/jobs/550e8400-e29b-41d4-a716-446655440000 - Request received: user_id=42, job_id=550e8400-e29b-41d4-a716-446655440000
2026-06-09 12:26:31,614 - src.routes.serverless_routes - INFO - Job status retrieved: job_id=550e8400-e29b-41d4-a716-446655440000, user_id=42
2026-06-09 12:26:31,620 - src.routes.serverless_routes - INFO - GET /api/jobs/550e8400-e29b-41d4-a716-446655440000 - Request received: user_id=42, job_id=550e8400-e29b-41d4-a716-446655440000
2026-06-09 12:26:31,620 - src.routes.serverless_routes - INFO - Job status retrieved: job_id=550e8400-e29b-41d4-a716-446655440000, user_id=42
2026-06-09 12:26:31,625 - src.routes.serverless_routes - INFO - GET /api/jobs/550e8400-e29b-41d4-a716-446655440000 - Request received: user_id=1, job_id=550e8400-e29b-41d4-a716-446655440000
2026-06-09 12:26:31,625 - src.routes.serverless_routes - ERROR - Failed to query job 550e8400-e29b-41d4-a716-446655440000: Connection refused
2026-06-09 12:26:31,630 - src.routes.serverless_routes - WARNING - GET /api/jobs/550e8400-e29b-41d4-a716-446655440000/result - Authentication failed: no user_id in session
2026-06-09 12:26:31,636 - src.routes.serverless_routes - INFO - GET /api/jobs/550e8400-e29b-41d4-a716-446655440000/result - Request received: user_id=1, job_id=550e8400-e29b-41d4-a716-446655440000
2026-06-09 12:26:31,642 - src.routes.serverless_routes - INFO - GET /api/jobs/550e8400-e29b-41d4-a716-446655440000/result - Request received: user_id=1, job_id=550e8400-e29b-41d4-a716-446655440000
2026-06-09 12:26:31,649 - src.routes.serverless_routes - INFO - GET /api/jobs/550e8400-e29b-41d4-a716-446655440000/result - Request received: user_id=1, job_id=550e8400-e29b-41d4-a716-446655440000
2026-06-09 12:26:31,649 - src.routes.serverless_routes - INFO - Job result retrieved: job_id=550e8400-e29b-41d4-a716-446655440000, user_id=1
2026-06-09 12:26:31,655 - src.routes.serverless_routes - INFO - GET /api/jobs/550e8400-e29b-41d4-a716-446655440000/result - Request received: user_id=42, job_id=550e8400-e29b-41d4-a716-446655440000
2026-06-09 12:26:31,659 - src.routes.serverless_routes - INFO - GET /api/jobs/550e8400-e29b-41d4-a716-446655440000/result - Request received: user_id=42, job_id=550e8400-e29b-41d4-a716-446655440000
2026-06-09 12:26:31,668 - src.routes.serverless_routes - INFO - GET /api/jobs/550e8400-e29b-41d4-a716-446655440000/result - Request received: user_id=42, job_id=550e8400-e29b-41d4-a716-446655440000
2026-06-09 12:26:31,668 - src.routes.serverless_routes - INFO - Job result retrieved: job_id=550e8400-e29b-41d4-a716-446655440000, user_id=42
2026-06-09 12:26:31,673 - src.routes.serverless_routes - INFO - GET /api/jobs/550e8400-e29b-41d4-a716-446655440000/result - Request received: user_id=42, job_id=550e8400-e29b-41d4-a716-446655440000
2026-06-09 12:26:31,674 - src.routes.serverless_routes - INFO - Job result retrieved: job_id=550e8400-e29b-41d4-a716-446655440000, user_id=42
2026-06-09 12:26:31,681 - src.routes.serverless_routes - INFO - GET /api/jobs/550e8400-e29b-41d4-a716-446655440000/result - Request received: user_id=42, job_id=550e8400-e29b-41d4-a716-446655440000
2026-06-09 12:26:31,681 - src.routes.serverless_routes - INFO - Job result retrieved: job_id=550e8400-e29b-41d4-a716-446655440000, user_id=42
2026-06-09 12:26:31,687 - src.routes.serverless_routes - INFO - GET /api/jobs/550e8400-e29b-41d4-a716-446655440000/result - Request received: user_id=42, job_id=550e8400-e29b-41d4-a716-446655440000
2026-06-09 12:26:31,687 - src.routes.serverless_routes - INFO - Job result retrieved: job_id=550e8400-e29b-41d4-a716-446655440000, user_id=42
2026-06-09 12:26:31,691 - src.routes.serverless_routes - INFO - GET /api/jobs/550e8400-e29b-41d4-a716-446655440000/result - Request received: user_id=1, job_id=550e8400-e29b-41d4-a716-446655440000
2026-06-09 12:26:31,691 - src.routes.serverless_routes - ERROR - Failed to query job 550e8400-e29b-41d4-a716-446655440000: Connection refused
2026-06-09 12:26:31,697 - src.routes.serverless_routes - WARNING - POST /api/jobs/550e8400-e29b-41d4-a716-446655440000/cancel - Authentication failed: no user_id in session
2026-06-09 12:26:31,702 - src.routes.serverless_routes - INFO - POST /api/jobs/550e8400-e29b-41d4-a716-446655440000/cancel - Request received: user_id=1, job_id=550e8400-e29b-41d4-a716-446655440000
2026-06-09 12:26:31,706 - src.routes.serverless_routes - INFO - POST /api/jobs/550e8400-e29b-41d4-a716-446655440000/cancel - Request received: user_id=1, job_id=550e8400-e29b-41d4-a716-446655440000
2026-06-09 12:26:31,715 - src.routes.serverless_routes - INFO - POST /api/jobs/550e8400-e29b-41d4-a716-446655440000/cancel - Request received: user_id=1, job_id=550e8400-e29b-41d4-a716-446655440000
2026-06-09 12:26:31,715 - src.routes.serverless_routes - INFO - Job cancelled: job_id=550e8400-e29b-41d4-a716-446655440000, user_id=1
2026-06-09 12:26:31,720 - src.routes.serverless_routes - INFO - POST /api/jobs/550e8400-e29b-41d4-a716-446655440000/cancel - Request received: user_id=42, job_id=550e8400-e29b-41d4-a716-446655440000
2026-06-09 12:26:31,725 - src.routes.serverless_routes - INFO - POST /api/jobs/550e8400-e29b-41d4-a716-446655440000/cancel - Request received: user_id=42, job_id=550e8400-e29b-41d4-a716-446655440000
2026-06-09 12:26:31,732 - src.routes.serverless_routes - INFO - POST /api/jobs/550e8400-e29b-41d4-a716-446655440000/cancel - Request received: user_id=42, job_id=550e8400-e29b-41d4-a716-446655440000
2026-06-09 12:26:31,737 - src.routes.serverless_routes - INFO - POST /api/jobs/550e8400-e29b-41d4-a716-446655440000/cancel - Request received: user_id=42, job_id=550e8400-e29b-41d4-a716-446655440000
2026-06-09 12:26:31,744 - src.routes.serverless_routes - INFO - POST /api/jobs/550e8400-e29b-41d4-a716-446655440000/cancel - Request received: user_id=42, job_id=550e8400-e29b-41d4-a716-446655440000
2026-06-09 12:26:31,744 - src.routes.serverless_routes - INFO - Job cancelled: job_id=550e8400-e29b-41d4-a716-446655440000, user_id=42
2026-06-09 12:26:31,749 - src.routes.serverless_routes - INFO - POST /api/jobs/550e8400-e29b-41d4-a716-446655440000/cancel - Request received: user_id=42, job_id=550e8400-e29b-41d4-a716-446655440000
2026-06-09 12:26:31,749 - src.routes.serverless_routes - INFO - Job cancelled: job_id=550e8400-e29b-41d4-a716-446655440000, user_id=42
2026-06-09 12:26:31,753 - src.routes.serverless_routes - INFO - POST /api/jobs/550e8400-e29b-41d4-a716-446655440000/cancel - Request received: user_id=42, job_id=550e8400-e29b-41d4-a716-446655440000
2026-06-09 12:26:31,753 - src.routes.serverless_routes - INFO - Job cancelled: job_id=550e8400-e29b-41d4-a716-446655440000, user_id=42
2026-06-09 12:26:31,759 - src.routes.serverless_routes - INFO - POST /api/jobs/550e8400-e29b-41d4-a716-446655440000/cancel - Request received: user_id=42, job_id=550e8400-e29b-41d4-a716-446655440000
2026-06-09 12:26:31,760 - src.routes.serverless_routes - ERROR - Failed to cancel job 550e8400-e29b-41d4-a716-446655440000: Connection refused
2026-06-09 12:26:31,764 - src.routes.serverless_routes - WARNING - GET /api/jobs - Authentication failed: no user_id in session
2026-06-09 12:26:31,768 - src.routes.serverless_routes - INFO - GET /api/jobs - Request received: user_id=1
2026-06-09 12:26:31,768 - src.routes.serverless_routes - INFO - Jobs listed: user_id=1, is_admin=False, total=0
2026-06-09 12:26:31,771 - src.routes.serverless_routes - INFO - GET /api/jobs - Request received: user_id=1
2026-06-09 12:26:31,771 - src.routes.serverless_routes - INFO - Jobs listed: user_id=1, is_admin=False, total=50
2026-06-09 12:26:31,777 - src.routes.serverless_routes - INFO - GET /api/jobs - Request received: user_id=1
2026-06-09 12:26:31,777 - src.routes.serverless_routes - INFO - Jobs listed: user_id=1, is_admin=False, total=50
2026-06-09 12:26:31,781 - src.routes.serverless_routes - INFO - GET /api/jobs - Request received: user_id=1
2026-06-09 12:26:31,782 - src.routes.serverless_routes - INFO - Jobs listed: user_id=1, is_admin=False, total=0
2026-06-09 12:26:31,785 - src.routes.serverless_routes - INFO - GET /api/jobs - Request received: user_id=1
2026-06-09 12:26:31,786 - src.routes.serverless_routes - INFO - Jobs listed: user_id=1, is_admin=False, total=45
2026-06-09 12:26:31,790 - src.routes.serverless_routes - INFO - GET /api/jobs - Request received: user_id=1
2026-06-09 12:26:31,790 - src.routes.serverless_routes - INFO - Jobs listed: user_id=1, is_admin=False, total=0
2026-06-09 12:26:31,795 - src.routes.serverless_routes - INFO - GET /api/jobs - Request received: user_id=1
2026-06-09 12:26:31,802 - src.routes.serverless_routes - INFO - GET /api/jobs - Request received: user_id=1
2026-06-09 12:26:31,802 - src.routes.serverless_routes - INFO - Jobs listed: user_id=1, is_admin=False, total=0
2026-06-09 12:26:31,807 - src.routes.serverless_routes - INFO - GET /api/jobs - Request received: user_id=1
2026-06-09 12:26:31,807 - src.routes.serverless_routes - INFO - Jobs listed: user_id=1, is_admin=False, total=0
2026-06-09 12:26:31,811 - src.routes.serverless_routes - INFO - GET /api/jobs - Request received: user_id=1
2026-06-09 12:26:31,811 - src.routes.serverless_routes - INFO - Jobs listed: user_id=1, is_admin=False, total=2
2026-06-09 12:26:31,819 - src.routes.serverless_routes - INFO - GET /api/jobs - Request received: user_id=42
2026-06-09 12:26:31,821 - src.routes.serverless_routes - INFO - Jobs listed: user_id=42, is_admin=False, total=1
2026-06-09 12:26:31,831 - src.routes.serverless_routes - INFO - GET /api/jobs - Request received: user_id=1
2026-06-09 12:26:31,831 - src.routes.serverless_routes - INFO - Jobs listed: user_id=1, is_admin=True, total=10
2026-06-09 12:26:31,842 - src.routes.serverless_routes - INFO - GET /api/jobs - Request received: user_id=42
2026-06-09 12:26:31,842 - src.routes.serverless_routes - INFO - Jobs listed: user_id=42, is_admin=False, total=1
2026-06-09 12:26:31,847 - src.routes.serverless_routes - INFO - GET /api/jobs - Request received: user_id=1
2026-06-09 12:26:31,847 - src.routes.serverless_routes - ERROR - Failed to list jobs: Connection refused
2026-06-09 12:26:31,851 - src.routes.serverless_routes - WARNING - GET /api/jobs/metrics - Authentication failed: no user_id in session
2026-06-09 12:26:31,858 - src.routes.serverless_routes - INFO - GET /api/jobs/metrics - Request received: user_id=1
2026-06-09 12:26:31,858 - src.routes.serverless_routes - WARNING - GET /api/jobs/metrics - Access denied: user_id=1 is not admin
2026-06-09 12:26:31,862 - src.routes.serverless_routes - INFO - GET /api/jobs/metrics - Request received: user_id=1
2026-06-09 12:26:31,862 - src.routes.serverless_routes - WARNING - GET /api/jobs/metrics - Access denied: user_id=1 is not admin
2026-06-09 12:26:31,866 - src.routes.serverless_routes - INFO - GET /api/jobs/metrics - Request received: user_id=1
2026-06-09 12:26:31,866 - src.routes.serverless_routes - INFO - Metrics retrieved by admin user_id=1
2026-06-09 12:26:31,871 - src.routes.serverless_routes - INFO - GET /api/jobs/metrics - Request received: user_id=1
2026-06-09 12:26:31,871 - src.routes.serverless_routes - INFO - Metrics retrieved by admin user_id=1
2026-06-09 12:26:31,878 - src.routes.serverless_routes - INFO - GET /api/jobs/metrics - Request received: user_id=1
2026-06-09 12:26:31,878 - src.routes.serverless_routes - INFO - Metrics retrieved by admin user_id=1
2026-06-09 12:26:31,882 - src.routes.serverless_routes - INFO - GET /api/jobs/metrics - Request received: user_id=1
2026-06-09 12:26:31,882 - src.routes.serverless_routes - INFO - Metrics retrieved by admin user_id=1
2026-06-09 12:26:31,890 - src.routes.serverless_routes - INFO - GET /api/jobs/metrics - Request received: user_id=1
2026-06-09 12:26:31,890 - src.routes.serverless_routes - ERROR - Failed to retrieve metrics: Connection refused
2026-06-09 12:26:47,765 - src.routes.serverless_routes - WARNING - POST /api/jobs - Authentication failed: no user_id in session
2026-06-09 12:26:47,773 - src.routes.serverless_routes - INFO - POST /api/jobs - Request received: user_id=1
2026-06-09 12:26:47,773 - src.routes.serverless_routes - INFO - Job submitted: job_id=b00a89fc-f030-47d5-bafc-12da5eb41464, user_id=1, image=docker.io/python:3.11
2026-06-09 12:26:47,778 - src.routes.serverless_routes - INFO - POST /api/jobs - Request received: user_id=1
2026-06-09 12:26:47,786 - src.routes.serverless_routes - INFO - POST /api/jobs - Request received: user_id=1
2026-06-09 12:26:47,791 - src.routes.serverless_routes - INFO - POST /api/jobs - Request received: user_id=1
2026-06-09 12:26:47,797 - src.routes.serverless_routes - INFO - POST /api/jobs - Request received: user_id=1
2026-06-09 12:26:47,806 - src.routes.serverless_routes - INFO - POST /api/jobs - Request received: user_id=1
2026-06-09 12:26:47,814 - src.routes.serverless_routes - INFO - POST /api/jobs - Request received: user_id=1
2026-06-09 12:26:47,822 - src.routes.serverless_routes - INFO - POST /api/jobs - Request received: user_id=1
2026-06-09 12:26:47,828 - src.routes.serverless_routes - INFO - POST /api/jobs - Request received: user_id=1
2026-06-09 12:26:47,836 - src.routes.serverless_routes - INFO - POST /api/jobs - Request received: user_id=1
2026-06-09 12:26:47,841 - src.routes.serverless_routes - INFO - POST /api/jobs - Request received: user_id=1
2026-06-09 12:26:47,847 - src.routes.serverless_routes - INFO - POST /api/jobs - Request received: user_id=1
2026-06-09 12:26:47,848 - src.routes.serverless_routes - INFO - Job submitted: job_id=15249256-e11b-4ae7-9223-d91ea5f64ee3, user_id=1, image=docker.io/python:3.11
2026-06-09 12:26:47,856 - src.routes.serverless_routes - INFO - POST /api/jobs - Request received: user_id=1
2026-06-09 12:26:47,856 - src.routes.serverless_routes - INFO - Job submitted: job_id=acfd5061-9dad-4f65-ba13-86c21e3ee636, user_id=1, image=docker.io/python:3.11
2026-06-09 12:26:47,862 - src.routes.serverless_routes - INFO - POST /api/jobs - Request received: user_id=1
2026-06-09 12:26:47,870 - src.routes.serverless_routes - INFO - POST /api/jobs - Request received: user_id=1
2026-06-09 12:26:47,870 - src.routes.serverless_routes - INFO - Job submitted: job_id=c6e67a61-b349-4ffd-88eb-0b67b0e30b50, user_id=1, image=python:3.11
2026-06-09 12:26:47,877 - src.routes.serverless_routes - INFO - POST /api/jobs - Request received: user_id=1
2026-06-09 12:26:47,877 - src.routes.serverless_routes - INFO - Job submitted: job_id=b6f1ce24-8b55-44c1-8401-16aec1dfa495, user_id=1, image=ghcr.io/org/myapp:latest
2026-06-09 12:26:47,886 - src.routes.serverless_routes - INFO - POST /api/jobs - Request received: user_id=42
2026-06-09 12:26:47,887 - src.routes.serverless_routes - INFO - Job submitted: job_id=550e8400-e29b-41d4-a716-446655440000, user_id=42, image=docker.io/python:3.11
2026-06-09 12:26:47,894 - src.routes.serverless_routes - INFO - POST /api/jobs - Request received: user_id=7
2026-06-09 12:26:47,894 - src.routes.serverless_routes - INFO - Job submitted: job_id=682a0ae9-01c7-4187-ad78-973bcfba400c, user_id=7, image=registry.example.com/myapp:v1
2026-06-09 12:26:47,902 - src.routes.serverless_routes - INFO - POST /api/jobs - Request received: user_id=1
2026-06-09 12:26:47,903 - src.routes.serverless_routes - INFO - Job submitted: job_id=d494a8fd-e388-4fcb-bcf9-75818f54ea5d, user_id=1, image=docker.io/alpine:latest
2026-06-09 12:26:47,908 - src.routes.serverless_routes - INFO - POST /api/jobs - Request received: user_id=1
2026-06-09 12:26:47,908 - src.routes.serverless_routes - INFO - Job submitted: job_id=fe514315-aa2d-4df4-8b4d-e1d05b9b49f9, user_id=1, image=docker.io/alpine:latest
2026-06-09 12:26:47,918 - src.routes.serverless_routes - INFO - POST /api/jobs - Request received: user_id=1
2026-06-09 12:26:47,918 - src.routes.serverless_routes - ERROR - Failed to insert job record: Connection refused
2026-06-09 12:26:47,923 - src.routes.serverless_routes - WARNING - GET /api/jobs/550e8400-e29b-41d4-a716-446655440000 - Authentication failed: no user_id in session
2026-06-09 12:26:47,932 - src.routes.serverless_routes - INFO - GET /api/jobs/550e8400-e29b-41d4-a716-446655440000 - Request received: user_id=1, job_id=550e8400-e29b-41d4-a716-446655440000
2026-06-09 12:26:47,939 - src.routes.serverless_routes - INFO - GET /api/jobs/550e8400-e29b-41d4-a716-446655440000 - Request received: user_id=1, job_id=550e8400-e29b-41d4-a716-446655440000
2026-06-09 12:26:47,946 - src.routes.serverless_routes - INFO - GET /api/jobs/550e8400-e29b-41d4-a716-446655440000 - Request received: user_id=42, job_id=550e8400-e29b-41d4-a716-446655440000
2026-06-09 12:26:47,946 - src.routes.serverless_routes - INFO - Job status retrieved: job_id=550e8400-e29b-41d4-a716-446655440000, user_id=42
2026-06-09 12:26:47,952 - src.routes.serverless_routes - INFO - GET /api/jobs/550e8400-e29b-41d4-a716-446655440000 - Request received: user_id=1, job_id=550e8400-e29b-41d4-a716-446655440000
2026-06-09 12:26:47,952 - src.routes.serverless_routes - INFO - Job status retrieved: job_id=550e8400-e29b-41d4-a716-446655440000, user_id=1
2026-06-09 12:26:47,958 - src.routes.serverless_routes - INFO - GET /api/jobs/550e8400-e29b-41d4-a716-446655440000 - Request received: user_id=42, job_id=550e8400-e29b-41d4-a716-446655440000
2026-06-09 12:26:47,958 - src.routes.serverless_routes - INFO - Job status retrieved: job_id=550e8400-e29b-41d4-a716-446655440000, user_id=42
2026-06-09 12:26:47,967 - src.routes.serverless_routes - INFO - GET /api/jobs/550e8400-e29b-41d4-a716-446655440000 - Request received: user_id=42, job_id=550e8400-e29b-41d4-a716-446655440000
2026-06-09 12:26:47,967 - src.routes.serverless_routes - INFO - Job status retrieved: job_id=550e8400-e29b-41d4-a716-446655440000, user_id=42
2026-06-09 12:26:47,973 - src.routes.serverless_routes - INFO - GET /api/jobs/550e8400-e29b-41d4-a716-446655440000 - Request received: user_id=1, job_id=550e8400-e29b-41d4-a716-446655440000
2026-06-09 12:26:47,973 - src.routes.serverless_routes - ERROR - Failed to query job 550e8400-e29b-41d4-a716-446655440000: Connection refused
2026-06-09 12:26:47,980 - src.routes.serverless_routes - WARNING - GET /api/jobs/550e8400-e29b-41d4-a716-446655440000/result - Authentication failed: no user_id in session
2026-06-09 12:26:47,986 - src.routes.serverless_routes - INFO - GET /api/jobs/550e8400-e29b-41d4-a716-446655440000/result - Request received: user_id=1, job_id=550e8400-e29b-41d4-a716-446655440000
2026-06-09 12:26:47,994 - src.routes.serverless_routes - INFO - GET /api/jobs/550e8400-e29b-41d4-a716-446655440000/result - Request received: user_id=1, job_id=550e8400-e29b-41d4-a716-446655440000
2026-06-09 12:26:48,001 - src.routes.serverless_routes - INFO - GET /api/jobs/550e8400-e29b-41d4-a716-446655440000/result - Request received: user_id=1, job_id=550e8400-e29b-41d4-a716-446655440000
2026-06-09 12:26:48,002 - src.routes.serverless_routes - INFO - Job result retrieved: job_id=550e8400-e29b-41d4-a716-446655440000, user_id=1
2026-06-09 12:26:48,009 - src.routes.serverless_routes - INFO - GET /api/jobs/550e8400-e29b-41d4-a716-446655440000/result - Request received: user_id=42, job_id=550e8400-e29b-41d4-a716-446655440000
2026-06-09 12:26:48,017 - src.routes.serverless_routes - INFO - GET /api/jobs/550e8400-e29b-41d4-a716-446655440000/result - Request received: user_id=42, job_id=550e8400-e29b-41d4-a716-446655440000
2026-06-09 12:26:48,026 - src.routes.serverless_routes - INFO - GET /api/jobs/550e8400-e29b-41d4-a716-446655440000/result - Request received: user_id=42, job_id=550e8400-e29b-41d4-a716-446655440000
2026-06-09 12:26:48,026 - src.routes.serverless_routes - INFO - Job result retrieved: job_id=550e8400-e29b-41d4-a716-446655440000, user_id=42
2026-06-09 12:26:48,034 - src.routes.serverless_routes - INFO - GET /api/jobs/550e8400-e29b-41d4-a716-446655440000/result - Request received: user_id=42, job_id=550e8400-e29b-41d4-a716-446655440000
2026-06-09 12:26:48,034 - src.routes.serverless_routes - INFO - Job result retrieved: job_id=550e8400-e29b-41d4-a716-446655440000, user_id=42
2026-06-09 12:26:48,042 - src.routes.serverless_routes - INFO - GET /api/jobs/550e8400-e29b-41d4-a716-446655440000/result - Request received: user_id=42, job_id=550e8400-e29b-41d4-a716-446655440000
2026-06-09 12:26:48,042 - src.routes.serverless_routes - INFO - Job result retrieved: job_id=550e8400-e29b-41d4-a716-446655440000, user_id=42
2026-06-09 12:26:48,050 - src.routes.serverless_routes - INFO - GET /api/jobs/550e8400-e29b-41d4-a716-446655440000/result - Request received: user_id=42, job_id=550e8400-e29b-41d4-a716-446655440000
2026-06-09 12:26:48,051 - src.routes.serverless_routes - INFO - Job result retrieved: job_id=550e8400-e29b-41d4-a716-446655440000, user_id=42
2026-06-09 12:26:48,058 - src.routes.serverless_routes - INFO - GET /api/jobs/550e8400-e29b-41d4-a716-446655440000/result - Request received: user_id=1, job_id=550e8400-e29b-41d4-a716-446655440000
2026-06-09 12:26:48,058 - src.routes.serverless_routes - ERROR - Failed to query job 550e8400-e29b-41d4-a716-446655440000: Connection refused
2026-06-09 12:26:48,065 - src.routes.serverless_routes - WARNING - POST /api/jobs/550e8400-e29b-41d4-a716-446655440000/cancel - Authentication failed: no user_id in session
2026-06-09 12:26:48,075 - src.routes.serverless_routes - INFO - POST /api/jobs/550e8400-e29b-41d4-a716-446655440000/cancel - Request received: user_id=1, job_id=550e8400-e29b-41d4-a716-446655440000
2026-06-09 12:26:48,083 - src.routes.serverless_routes - INFO - POST /api/jobs/550e8400-e29b-41d4-a716-446655440000/cancel - Request received: user_id=1, job_id=550e8400-e29b-41d4-a716-446655440000
2026-06-09 12:26:48,093 - src.routes.serverless_routes - INFO - POST /api/jobs/550e8400-e29b-41d4-a716-446655440000/cancel - Request received: user_id=1, job_id=550e8400-e29b-41d4-a716-446655440000
2026-06-09 12:26:48,093 - src.routes.serverless_routes - INFO - Job cancelled: job_id=550e8400-e29b-41d4-a716-446655440000, user_id=1
2026-06-09 12:26:48,100 - src.routes.serverless_routes - INFO - POST /api/jobs/550e8400-e29b-41d4-a716-446655440000/cancel - Request received: user_id=42, job_id=550e8400-e29b-41d4-a716-446655440000
2026-06-09 12:26:48,108 - src.routes.serverless_routes - INFO - POST /api/jobs/550e8400-e29b-41d4-a716-446655440000/cancel - Request received: user_id=42, job_id=550e8400-e29b-41d4-a716-446655440000
2026-06-09 12:26:48,116 - src.routes.serverless_routes - INFO - POST /api/jobs/550e8400-e29b-41d4-a716-446655440000/cancel - Request received: user_id=42, job_id=550e8400-e29b-41d4-a716-446655440000
2026-06-09 12:26:48,129 - src.routes.serverless_routes - INFO - POST /api/jobs/550e8400-e29b-41d4-a716-446655440000/cancel - Request received: user_id=42, job_id=550e8400-e29b-41d4-a716-446655440000
2026-06-09 12:26:48,138 - src.routes.serverless_routes - INFO - POST /api/jobs/550e8400-e29b-41d4-a716-446655440000/cancel - Request received: user_id=42, job_id=550e8400-e29b-41d4-a716-446655440000
2026-06-09 12:26:48,138 - src.routes.serverless_routes - INFO - Job cancelled: job_id=550e8400-e29b-41d4-a716-446655440000, user_id=42
2026-06-09 12:26:48,148 - src.routes.serverless_routes - INFO - POST /api/jobs/550e8400-e29b-41d4-a716-446655440000/cancel - Request received: user_id=42, job_id=550e8400-e29b-41d4-a716-446655440000
2026-06-09 12:26:48,148 - src.routes.serverless_routes - INFO - Job cancelled: job_id=550e8400-e29b-41d4-a716-446655440000, user_id=42
2026-06-09 12:26:48,156 - src.routes.serverless_routes - INFO - POST /api/jobs/550e8400-e29b-41d4-a716-446655440000/cancel - Request received: user_id=42, job_id=550e8400-e29b-41d4-a716-446655440000
2026-06-09 12:26:48,157 - src.routes.serverless_routes - INFO - Job cancelled: job_id=550e8400-e29b-41d4-a716-446655440000, user_id=42
2026-06-09 12:26:48,165 - src.routes.serverless_routes - INFO - POST /api/jobs/550e8400-e29b-41d4-a716-446655440000/cancel - Request received: user_id=42, job_id=550e8400-e29b-41d4-a716-446655440000
2026-06-09 12:26:48,165 - src.routes.serverless_routes - ERROR - Failed to cancel job 550e8400-e29b-41d4-a716-446655440000: Connection refused
2026-06-09 12:26:48,172 - src.routes.serverless_routes - WARNING - GET /api/jobs - Authentication failed: no user_id in session
2026-06-09 12:26:48,179 - src.routes.serverless_routes - INFO - GET /api/jobs - Request received: user_id=1
2026-06-09 12:26:48,179 - src.routes.serverless_routes - INFO - Jobs listed: user_id=1, is_admin=False, total=0
2026-06-09 12:26:48,189 - src.routes.serverless_routes - INFO - GET /api/jobs - Request received: user_id=1
2026-06-09 12:26:48,190 - src.routes.serverless_routes - INFO - Jobs listed: user_id=1, is_admin=False, total=50
2026-06-09 12:26:48,196 - src.routes.serverless_routes - INFO - GET /api/jobs - Request received: user_id=1
2026-06-09 12:26:48,196 - src.routes.serverless_routes - INFO - Jobs listed: user_id=1, is_admin=False, total=50
2026-06-09 12:26:48,204 - src.routes.serverless_routes - INFO - GET /api/jobs - Request received: user_id=1
2026-06-09 12:26:48,205 - src.routes.serverless_routes - INFO - Jobs listed: user_id=1, is_admin=False, total=0
2026-06-09 12:26:48,212 - src.routes.serverless_routes - INFO - GET /api/jobs - Request received: user_id=1
2026-06-09 12:26:48,213 - src.routes.serverless_routes - INFO - Jobs listed: user_id=1, is_admin=False, total=45
2026-06-09 12:26:48,223 - src.routes.serverless_routes - INFO - GET /api/jobs - Request received: user_id=1
2026-06-09 12:26:48,223 - src.routes.serverless_routes - INFO - Jobs listed: user_id=1, is_admin=False, total=0
2026-06-09 12:26:48,232 - src.routes.serverless_routes - INFO - GET /api/jobs - Request received: user_id=1
2026-06-09 12:26:48,241 - src.routes.serverless_routes - INFO - GET /api/jobs - Request received: user_id=1
2026-06-09 12:26:48,242 - src.routes.serverless_routes - INFO - Jobs listed: user_id=1, is_admin=False, total=0
2026-06-09 12:26:48,249 - src.routes.serverless_routes - INFO - GET /api/jobs - Request received: user_id=1
2026-06-09 12:26:48,250 - src.routes.serverless_routes - INFO - Jobs listed: user_id=1, is_admin=False, total=0
2026-06-09 12:26:48,260 - src.routes.serverless_routes - INFO - GET /api/jobs - Request received: user_id=1
2026-06-09 12:26:48,260 - src.routes.serverless_routes - INFO - Jobs listed: user_id=1, is_admin=False, total=2
2026-06-09 12:26:48,270 - src.routes.serverless_routes - INFO - GET /api/jobs - Request received: user_id=42
2026-06-09 12:26:48,270 - src.routes.serverless_routes - INFO - Jobs listed: user_id=42, is_admin=False, total=1
2026-06-09 12:26:48,310 - src.routes.serverless_routes - INFO - GET /api/jobs - Request received: user_id=1
2026-06-09 12:26:48,310 - src.routes.serverless_routes - INFO - Jobs listed: user_id=1, is_admin=True, total=10
2026-06-09 12:26:48,318 - src.routes.serverless_routes - INFO - GET /api/jobs - Request received: user_id=42
2026-06-09 12:26:48,318 - src.routes.serverless_routes - INFO - Jobs listed: user_id=42, is_admin=False, total=1
2026-06-09 12:26:48,324 - src.routes.serverless_routes - INFO - GET /api/jobs - Request received: user_id=1
2026-06-09 12:26:48,324 - src.routes.serverless_routes - ERROR - Failed to list jobs: Connection refused
2026-06-09 12:26:48,332 - src.routes.serverless_routes - WARNING - GET /api/jobs/metrics - Authentication failed: no user_id in session
2026-06-09 12:26:48,338 - src.routes.serverless_routes - INFO - GET /api/jobs/metrics - Request received: user_id=1
2026-06-09 12:26:48,338 - src.routes.serverless_routes - WARNING - GET /api/jobs/metrics - Access denied: user_id=1 is not admin
2026-06-09 12:26:48,343 - src.routes.serverless_routes - INFO - GET /api/jobs/metrics - Request received: user_id=1
2026-06-09 12:26:48,344 - src.routes.serverless_routes - WARNING - GET /api/jobs/metrics - Access denied: user_id=1 is not admin
2026-06-09 12:26:48,353 - src.routes.serverless_routes - INFO - GET /api/jobs/metrics - Request received: user_id=1
2026-06-09 12:26:48,353 - src.routes.serverless_routes - INFO - Metrics retrieved by admin user_id=1
2026-06-09 12:26:48,360 - src.routes.serverless_routes - INFO - GET /api/jobs/metrics - Request received: user_id=1
2026-06-09 12:26:48,361 - src.routes.serverless_routes - INFO - Metrics retrieved by admin user_id=1
2026-06-09 12:26:48,369 - src.routes.serverless_routes - INFO - GET /api/jobs/metrics - Request received: user_id=1
2026-06-09 12:26:48,372 - src.routes.serverless_routes - INFO - Metrics retrieved by admin user_id=1
2026-06-09 12:26:48,385 - src.routes.serverless_routes - INFO - GET /api/jobs/metrics - Request received: user_id=1
2026-06-09 12:26:48,385 - src.routes.serverless_routes - INFO - Metrics retrieved by admin user_id=1
2026-06-09 12:26:48,402 - src.routes.serverless_routes - INFO - GET /api/jobs/metrics - Request received: user_id=1
2026-06-09 12:26:48,403 - src.routes.serverless_routes - ERROR - Failed to retrieve metrics: Connection refused
2026-06-16 20:30:24,909 - src.routes.serverless_routes - WARNING - POST /api/jobs - Authentication failed: no user_id in session
2026-06-16 20:30:24,921 - src.routes.serverless_routes - INFO - POST /api/jobs - Request received: user_id=1
2026-06-16 20:30:24,923 - src.routes.serverless_routes - INFO - Job submitted: job_id=2c769f46-9d27-43e0-8bc0-b738ccde187a, user_id=1, image=docker.io/python:3.11, target_link=http://opcp-psmc.com:6132
2026-06-16 20:30:24,932 - src.routes.serverless_routes - INFO - POST /api/jobs - Request received: user_id=1
2026-06-16 20:30:24,938 - src.routes.serverless_routes - INFO - POST /api/jobs - Request received: user_id=1
2026-06-16 20:30:24,947 - src.routes.serverless_routes - INFO - POST /api/jobs - Request received: user_id=1
2026-06-16 20:30:24,954 - src.routes.serverless_routes - INFO - POST /api/jobs - Request received: user_id=1
2026-06-16 20:30:24,961 - src.routes.serverless_routes - INFO - POST /api/jobs - Request received: user_id=1
2026-06-16 20:30:24,970 - src.routes.serverless_routes - INFO - POST /api/jobs - Request received: user_id=1
2026-06-16 20:30:24,978 - src.routes.serverless_routes - INFO - POST /api/jobs - Request received: user_id=1
2026-06-16 20:30:24,989 - src.routes.serverless_routes - INFO - POST /api/jobs - Request received: user_id=1
2026-06-16 20:30:24,997 - src.routes.serverless_routes - INFO - POST /api/jobs - Request received: user_id=1
2026-06-16 20:30:25,004 - src.routes.serverless_routes - INFO - POST /api/jobs - Request received: user_id=1
2026-06-16 20:30:25,013 - src.routes.serverless_routes - INFO - POST /api/jobs - Request received: user_id=1
2026-06-16 20:30:25,015 - src.routes.serverless_routes - INFO - Job submitted: job_id=822d8ec5-d720-41a9-bb20-ed977e8ba5cb, user_id=1, image=docker.io/python:3.11, target_link=http://opcp-psmc.com:6132
2026-06-16 20:30:25,023 - src.routes.serverless_routes - INFO - POST /api/jobs - Request received: user_id=1
2026-06-16 20:30:25,025 - src.routes.serverless_routes - INFO - Job submitted: job_id=3a2dd8e2-2de8-41bc-8b01-cc622f31fa44, user_id=1, image=docker.io/python:3.11, target_link=http://opcp-psmc.com:6132
2026-06-16 20:30:25,033 - src.routes.serverless_routes - INFO - POST /api/jobs - Request received: user_id=1
2026-06-16 20:30:25,042 - src.routes.serverless_routes - INFO - POST /api/jobs - Request received: user_id=1
2026-06-16 20:30:25,043 - src.routes.serverless_routes - INFO - Job submitted: job_id=fcea2c65-4289-40a1-8fb9-c12b432aeff2, user_id=1, image=python:3.11, target_link=http://opcp-psmc.com:6132
2026-06-16 20:30:25,053 - src.routes.serverless_routes - INFO - POST /api/jobs - Request received: user_id=1
2026-06-16 20:30:25,054 - src.routes.serverless_routes - INFO - Job submitted: job_id=fa42a8ea-0732-4915-a006-6205cfd51c58, user_id=1, image=ghcr.io/org/myapp:latest, target_link=http://opcp-psmc.com:6132
2026-06-16 20:30:25,063 - src.routes.serverless_routes - INFO - POST /api/jobs - Request received: user_id=42
2026-06-16 20:30:25,065 - src.routes.serverless_routes - INFO - Job submitted: job_id=550e8400-e29b-41d4-a716-446655440000, user_id=42, image=docker.io/python:3.11, target_link=http://opcp-psmc.com:6132
2026-06-16 20:30:25,075 - src.routes.serverless_routes - INFO - POST /api/jobs - Request received: user_id=7
2026-06-16 20:30:25,077 - src.routes.serverless_routes - INFO - Job submitted: job_id=0d97f9cf-f20b-448d-8570-903d664e26c7, user_id=7, image=registry.example.com/myapp:v1, target_link=http://opcp-psmc.com:6134
2026-06-16 20:30:25,085 - src.routes.serverless_routes - INFO - POST /api/jobs - Request received: user_id=1
2026-06-16 20:30:25,359 - src.routes.serverless_routes - INFO - POST /api/jobs - Request received: user_id=1
2026-06-16 20:30:25,401 - src.routes.serverless_routes - INFO - POST /api/jobs - Request received: user_id=1
2026-06-16 20:30:25,428 - src.routes.serverless_routes - WARNING - GET /api/jobs/550e8400-e29b-41d4-a716-446655440000 - Authentication failed: no user_id in session
2026-06-16 20:30:25,434 - src.routes.serverless_routes - INFO - GET /api/jobs/550e8400-e29b-41d4-a716-446655440000 - Request received: user_id=1, job_id=550e8400-e29b-41d4-a716-446655440000
2026-06-16 20:30:25,442 - src.routes.serverless_routes - INFO - GET /api/jobs/550e8400-e29b-41d4-a716-446655440000 - Request received: user_id=1, job_id=550e8400-e29b-41d4-a716-446655440000
2026-06-16 20:30:25,450 - src.routes.serverless_routes - INFO - GET /api/jobs/550e8400-e29b-41d4-a716-446655440000 - Request received: user_id=42, job_id=550e8400-e29b-41d4-a716-446655440000
2026-06-16 20:30:25,451 - src.routes.serverless_routes - INFO - Job status retrieved: job_id=550e8400-e29b-41d4-a716-446655440000, user_id=42
2026-06-16 20:30:25,457 - src.routes.serverless_routes - INFO - GET /api/jobs/550e8400-e29b-41d4-a716-446655440000 - Request received: user_id=1, job_id=550e8400-e29b-41d4-a716-446655440000
2026-06-16 20:30:25,458 - src.routes.serverless_routes - INFO - Job status retrieved: job_id=550e8400-e29b-41d4-a716-446655440000, user_id=1
2026-06-16 20:30:25,465 - src.routes.serverless_routes - INFO - GET /api/jobs/550e8400-e29b-41d4-a716-446655440000 - Request received: user_id=42, job_id=550e8400-e29b-41d4-a716-446655440000
2026-06-16 20:30:25,466 - src.routes.serverless_routes - INFO - Job status retrieved: job_id=550e8400-e29b-41d4-a716-446655440000, user_id=42
2026-06-16 20:30:25,473 - src.routes.serverless_routes - INFO - GET /api/jobs/550e8400-e29b-41d4-a716-446655440000 - Request received: user_id=42, job_id=550e8400-e29b-41d4-a716-446655440000
2026-06-16 20:30:25,473 - src.routes.serverless_routes - INFO - Job status retrieved: job_id=550e8400-e29b-41d4-a716-446655440000, user_id=42
2026-06-16 20:30:25,479 - src.routes.serverless_routes - INFO - GET /api/jobs/550e8400-e29b-41d4-a716-446655440000 - Request received: user_id=1, job_id=550e8400-e29b-41d4-a716-446655440000
2026-06-16 20:30:25,480 - src.routes.serverless_routes - ERROR - Failed to query job 550e8400-e29b-41d4-a716-446655440000: Connection refused
2026-06-16 20:30:25,487 - src.routes.serverless_routes - WARNING - GET /api/jobs/550e8400-e29b-41d4-a716-446655440000/result - Authentication failed: no user_id in session
2026-06-16 20:30:25,495 - src.routes.serverless_routes - INFO - GET /api/jobs/550e8400-e29b-41d4-a716-446655440000/result - Request received: user_id=1, job_id=550e8400-e29b-41d4-a716-446655440000
2026-06-16 20:30:25,501 - src.routes.serverless_routes - INFO - GET /api/jobs/550e8400-e29b-41d4-a716-446655440000/result - Request received: user_id=1, job_id=550e8400-e29b-41d4-a716-446655440000
2026-06-16 20:30:25,509 - src.routes.serverless_routes - INFO - GET /api/jobs/550e8400-e29b-41d4-a716-446655440000/result - Request received: user_id=1, job_id=550e8400-e29b-41d4-a716-446655440000
2026-06-16 20:30:25,510 - src.routes.serverless_routes - INFO - Job result retrieved: job_id=550e8400-e29b-41d4-a716-446655440000, user_id=1
2026-06-16 20:30:25,515 - src.routes.serverless_routes - INFO - GET /api/jobs/550e8400-e29b-41d4-a716-446655440000/result - Request received: user_id=42, job_id=550e8400-e29b-41d4-a716-446655440000
2026-06-16 20:30:25,521 - src.routes.serverless_routes - INFO - GET /api/jobs/550e8400-e29b-41d4-a716-446655440000/result - Request received: user_id=42, job_id=550e8400-e29b-41d4-a716-446655440000
2026-06-16 20:30:25,528 - src.routes.serverless_routes - INFO - GET /api/jobs/550e8400-e29b-41d4-a716-446655440000/result - Request received: user_id=42, job_id=550e8400-e29b-41d4-a716-446655440000
2026-06-16 20:30:25,529 - src.routes.serverless_routes - INFO - Job result retrieved: job_id=550e8400-e29b-41d4-a716-446655440000, user_id=42
2026-06-16 20:30:25,536 - src.routes.serverless_routes - INFO - GET /api/jobs/550e8400-e29b-41d4-a716-446655440000/result - Request received: user_id=42, job_id=550e8400-e29b-41d4-a716-446655440000
2026-06-16 20:30:25,537 - src.routes.serverless_routes - INFO - Job result retrieved: job_id=550e8400-e29b-41d4-a716-446655440000, user_id=42
2026-06-16 20:30:25,542 - src.routes.serverless_routes - INFO - GET /api/jobs/550e8400-e29b-41d4-a716-446655440000/result - Request received: user_id=42, job_id=550e8400-e29b-41d4-a716-446655440000
2026-06-16 20:30:25,543 - src.routes.serverless_routes - INFO - Job result retrieved: job_id=550e8400-e29b-41d4-a716-446655440000, user_id=42
2026-06-16 20:30:25,551 - src.routes.serverless_routes - INFO - GET /api/jobs/550e8400-e29b-41d4-a716-446655440000/result - Request received: user_id=42, job_id=550e8400-e29b-41d4-a716-446655440000
2026-06-16 20:30:25,552 - src.routes.serverless_routes - INFO - Job result retrieved: job_id=550e8400-e29b-41d4-a716-446655440000, user_id=42
2026-06-16 20:30:25,558 - src.routes.serverless_routes - INFO - GET /api/jobs/550e8400-e29b-41d4-a716-446655440000/result - Request received: user_id=1, job_id=550e8400-e29b-41d4-a716-446655440000
2026-06-16 20:30:25,559 - src.routes.serverless_routes - ERROR - Failed to query job 550e8400-e29b-41d4-a716-446655440000: Connection refused
2026-06-16 20:30:25,565 - src.routes.serverless_routes - WARNING - POST /api/jobs/550e8400-e29b-41d4-a716-446655440000/cancel - Authentication failed: no user_id in session
2026-06-16 20:30:25,572 - src.routes.serverless_routes - INFO - POST /api/jobs/550e8400-e29b-41d4-a716-446655440000/cancel - Request received: user_id=1, job_id=550e8400-e29b-41d4-a716-446655440000
2026-06-16 20:30:25,578 - src.routes.serverless_routes - INFO - POST /api/jobs/550e8400-e29b-41d4-a716-446655440000/cancel - Request received: user_id=1, job_id=550e8400-e29b-41d4-a716-446655440000
2026-06-16 20:30:25,586 - src.routes.serverless_routes - INFO - POST /api/jobs/550e8400-e29b-41d4-a716-446655440000/cancel - Request received: user_id=1, job_id=550e8400-e29b-41d4-a716-446655440000
2026-06-16 20:30:25,587 - src.routes.serverless_routes - INFO - Job cancelled: job_id=550e8400-e29b-41d4-a716-446655440000, user_id=1
2026-06-16 20:30:25,593 - src.routes.serverless_routes - INFO - POST /api/jobs/550e8400-e29b-41d4-a716-446655440000/cancel - Request received: user_id=42, job_id=550e8400-e29b-41d4-a716-446655440000
2026-06-16 20:30:25,600 - src.routes.serverless_routes - INFO - POST /api/jobs/550e8400-e29b-41d4-a716-446655440000/cancel - Request received: user_id=42, job_id=550e8400-e29b-41d4-a716-446655440000
2026-06-16 20:30:25,608 - src.routes.serverless_routes - INFO - POST /api/jobs/550e8400-e29b-41d4-a716-446655440000/cancel - Request received: user_id=42, job_id=550e8400-e29b-41d4-a716-446655440000
2026-06-16 20:30:25,622 - src.routes.serverless_routes - INFO - POST /api/jobs/550e8400-e29b-41d4-a716-446655440000/cancel - Request received: user_id=42, job_id=550e8400-e29b-41d4-a716-446655440000
2026-06-16 20:30:25,635 - src.routes.serverless_routes - INFO - POST /api/jobs/550e8400-e29b-41d4-a716-446655440000/cancel - Request received: user_id=42, job_id=550e8400-e29b-41d4-a716-446655440000
2026-06-16 20:30:25,636 - src.routes.serverless_routes - INFO - Job cancelled: job_id=550e8400-e29b-41d4-a716-446655440000, user_id=42
2026-06-16 20:30:25,642 - src.routes.serverless_routes - INFO - POST /api/jobs/550e8400-e29b-41d4-a716-446655440000/cancel - Request received: user_id=42, job_id=550e8400-e29b-41d4-a716-446655440000
2026-06-16 20:30:25,643 - src.routes.serverless_routes - INFO - Job cancelled: job_id=550e8400-e29b-41d4-a716-446655440000, user_id=42
2026-06-16 20:30:25,651 - src.routes.serverless_routes - INFO - POST /api/jobs/550e8400-e29b-41d4-a716-446655440000/cancel - Request received: user_id=42, job_id=550e8400-e29b-41d4-a716-446655440000
2026-06-16 20:30:25,652 - src.routes.serverless_routes - INFO - Job cancelled: job_id=550e8400-e29b-41d4-a716-446655440000, user_id=42
2026-06-16 20:30:25,658 - src.routes.serverless_routes - INFO - POST /api/jobs/550e8400-e29b-41d4-a716-446655440000/cancel - Request received: user_id=42, job_id=550e8400-e29b-41d4-a716-446655440000
2026-06-16 20:30:25,659 - src.routes.serverless_routes - ERROR - Failed to cancel job 550e8400-e29b-41d4-a716-446655440000: Connection refused
2026-06-16 20:30:25,664 - src.routes.serverless_routes - WARNING - GET /api/jobs - Authentication failed: no user_id in session
2026-06-16 20:30:25,673 - src.routes.serverless_routes - INFO - GET /api/jobs - Request received: user_id=1
2026-06-16 20:30:25,674 - src.routes.serverless_routes - INFO - Jobs listed: user_id=1, is_admin=False, total=0
2026-06-16 20:30:25,681 - src.routes.serverless_routes - INFO - GET /api/jobs - Request received: user_id=1
2026-06-16 20:30:25,682 - src.routes.serverless_routes - INFO - Jobs listed: user_id=1, is_admin=False, total=50
2026-06-16 20:30:25,690 - src.routes.serverless_routes - INFO - GET /api/jobs - Request received: user_id=1
2026-06-16 20:30:25,692 - src.routes.serverless_routes - INFO - Jobs listed: user_id=1, is_admin=False, total=50
2026-06-16 20:30:25,699 - src.routes.serverless_routes - INFO - GET /api/jobs - Request received: user_id=1
2026-06-16 20:30:25,700 - src.routes.serverless_routes - INFO - Jobs listed: user_id=1, is_admin=False, total=0
2026-06-16 20:30:25,708 - src.routes.serverless_routes - INFO - GET /api/jobs - Request received: user_id=1
2026-06-16 20:30:25,709 - src.routes.serverless_routes - INFO - Jobs listed: user_id=1, is_admin=False, total=45
2026-06-16 20:30:25,715 - src.routes.serverless_routes - INFO - GET /api/jobs - Request received: user_id=1
2026-06-16 20:30:25,716 - src.routes.serverless_routes - INFO - Jobs listed: user_id=1, is_admin=False, total=0
2026-06-16 20:30:25,722 - src.routes.serverless_routes - INFO - GET /api/jobs - Request received: user_id=1
2026-06-16 20:30:25,733 - src.routes.serverless_routes - INFO - GET /api/jobs - Request received: user_id=1
2026-06-16 20:30:25,734 - src.routes.serverless_routes - INFO - Jobs listed: user_id=1, is_admin=False, total=0
2026-06-16 20:30:25,745 - src.routes.serverless_routes - INFO - GET /api/jobs - Request received: user_id=1
2026-06-16 20:30:25,746 - src.routes.serverless_routes - INFO - Jobs listed: user_id=1, is_admin=False, total=0
2026-06-16 20:30:25,754 - src.routes.serverless_routes - INFO - GET /api/jobs - Request received: user_id=1
2026-06-16 20:30:25,755 - src.routes.serverless_routes - INFO - Jobs listed: user_id=1, is_admin=False, total=2
2026-06-16 20:30:25,762 - src.routes.serverless_routes - INFO - GET /api/jobs - Request received: user_id=42
2026-06-16 20:30:25,762 - src.routes.serverless_routes - INFO - Jobs listed: user_id=42, is_admin=False, total=1
2026-06-16 20:30:25,770 - src.routes.serverless_routes - INFO - GET /api/jobs - Request received: user_id=1
2026-06-16 20:30:25,770 - src.routes.serverless_routes - INFO - Jobs listed: user_id=1, is_admin=True, total=10
2026-06-16 20:30:25,777 - src.routes.serverless_routes - INFO - GET /api/jobs - Request received: user_id=42
2026-06-16 20:30:25,898 - src.routes.serverless_routes - INFO - GET /api/jobs - Request received: user_id=1
2026-06-16 20:30:25,899 - src.routes.serverless_routes - ERROR - Failed to list jobs: Connection refused
2026-06-16 20:30:25,905 - src.routes.serverless_routes - WARNING - GET /api/jobs/metrics - Authentication failed: no user_id in session
2026-06-16 20:30:25,911 - src.routes.serverless_routes - INFO - GET /api/jobs/metrics - Request received: user_id=1
2026-06-16 20:30:25,912 - src.routes.serverless_routes - WARNING - GET /api/jobs/metrics - Access denied: user_id=1 is not admin
2026-06-16 20:30:25,918 - src.routes.serverless_routes - INFO - GET /api/jobs/metrics - Request received: user_id=1
2026-06-16 20:30:25,918 - src.routes.serverless_routes - WARNING - GET /api/jobs/metrics - Access denied: user_id=1 is not admin
2026-06-16 20:30:25,926 - src.routes.serverless_routes - INFO - GET /api/jobs/metrics - Request received: user_id=1
2026-06-16 20:30:25,927 - src.routes.serverless_routes - INFO - Metrics retrieved by admin user_id=1
2026-06-16 20:30:25,933 - src.routes.serverless_routes - INFO - GET /api/jobs/metrics - Request received: user_id=1
2026-06-16 20:30:25,934 - src.routes.serverless_routes - INFO - Metrics retrieved by admin user_id=1
2026-06-16 20:30:37,044 - src.routes.serverless_routes - WARNING - POST /api/jobs - Authentication failed: no user_id in session
2026-06-16 20:30:37,053 - src.routes.serverless_routes - INFO - POST /api/jobs - Request received: user_id=1
2026-06-16 20:30:37,054 - src.routes.serverless_routes - INFO - Job submitted: job_id=f1b9ed28-e7f4-4cc9-8018-f842546be2d9, user_id=1, image=docker.io/python:3.11, target_link=http://opcp-psmc.com:6132
2026-06-16 20:30:37,060 - src.routes.serverless_routes - INFO - POST /api/jobs - Request received: user_id=1
2026-06-16 20:30:37,068 - src.routes.serverless_routes - INFO - POST /api/jobs - Request received: user_id=1
2026-06-16 20:30:37,077 - src.routes.serverless_routes - INFO - POST /api/jobs - Request received: user_id=1
2026-06-16 20:30:37,083 - src.routes.serverless_routes - INFO - POST /api/jobs - Request received: user_id=1
2026-06-16 20:30:37,091 - src.routes.serverless_routes - INFO - POST /api/jobs - Request received: user_id=1
2026-06-16 20:30:37,098 - src.routes.serverless_routes - INFO - POST /api/jobs - Request received: user_id=1
2026-06-16 20:30:37,104 - src.routes.serverless_routes - INFO - POST /api/jobs - Request received: user_id=1
2026-06-16 20:30:37,112 - src.routes.serverless_routes - INFO - POST /api/jobs - Request received: user_id=1
2026-06-16 20:30:37,117 - src.routes.serverless_routes - INFO - POST /api/jobs - Request received: user_id=1
2026-06-16 20:30:37,123 - src.routes.serverless_routes - INFO - POST /api/jobs - Request received: user_id=1
2026-06-16 20:30:37,131 - src.routes.serverless_routes - INFO - POST /api/jobs - Request received: user_id=1
2026-06-16 20:30:37,132 - src.routes.serverless_routes - INFO - Job submitted: job_id=0faf51d7-3b4d-4dd8-a4f4-f1bf5b67cb1e, user_id=1, image=docker.io/python:3.11, target_link=http://opcp-psmc.com:6132
2026-06-16 20:30:37,137 - src.routes.serverless_routes - INFO - POST /api/jobs - Request received: user_id=1
2026-06-16 20:30:37,138 - src.routes.serverless_routes - INFO - Job submitted: job_id=83f1cc59-b848-4377-96f1-d3ea02c613b6, user_id=1, image=docker.io/python:3.11, target_link=http://opcp-psmc.com:6132
2026-06-16 20:30:37,145 - src.routes.serverless_routes - INFO - POST /api/jobs - Request received: user_id=1
2026-06-16 20:30:37,152 - src.routes.serverless_routes - INFO - POST /api/jobs - Request received: user_id=1
2026-06-16 20:30:37,153 - src.routes.serverless_routes - INFO - Job submitted: job_id=ec410e79-26eb-4ddd-acbc-9df21aa7c256, user_id=1, image=python:3.11, target_link=http://opcp-psmc.com:6132
2026-06-16 20:30:37,159 - src.routes.serverless_routes - INFO - POST /api/jobs - Request received: user_id=1
2026-06-16 20:30:37,160 - src.routes.serverless_routes - INFO - Job submitted: job_id=4b4b651c-6028-4ec7-8e9c-5ced35be8dfe, user_id=1, image=ghcr.io/org/myapp:latest, target_link=http://opcp-psmc.com:6132
2026-06-16 20:30:37,165 - src.routes.serverless_routes - INFO - POST /api/jobs - Request received: user_id=42
2026-06-16 20:30:37,166 - src.routes.serverless_routes - INFO - Job submitted: job_id=550e8400-e29b-41d4-a716-446655440000, user_id=42, image=docker.io/python:3.11, target_link=http://opcp-psmc.com:6132
2026-06-16 20:30:37,173 - src.routes.serverless_routes - INFO - POST /api/jobs - Request received: user_id=7
2026-06-16 20:30:37,175 - src.routes.serverless_routes - INFO - Job submitted: job_id=6674ffd8-f8a9-487f-8301-98b95c3cc0bc, user_id=7, image=registry.example.com/myapp:v1, target_link=http://opcp-psmc.com:6134
2026-06-16 20:30:37,180 - src.routes.serverless_routes - INFO - POST /api/jobs - Request received: user_id=1
2026-06-16 20:30:37,418 - src.routes.serverless_routes - INFO - POST /api/jobs - Request received: user_id=1
2026-06-16 20:30:37,451 - src.routes.serverless_routes - INFO - POST /api/jobs - Request received: user_id=1
2026-06-16 20:30:37,476 - src.routes.serverless_routes - WARNING - GET /api/jobs/550e8400-e29b-41d4-a716-446655440000 - Authentication failed: no user_id in session
2026-06-16 20:30:37,482 - src.routes.serverless_routes - INFO - GET /api/jobs/550e8400-e29b-41d4-a716-446655440000 - Request received: user_id=1, job_id=550e8400-e29b-41d4-a716-446655440000
2026-06-16 20:30:37,490 - src.routes.serverless_routes - INFO - GET /api/jobs/550e8400-e29b-41d4-a716-446655440000 - Request received: user_id=1, job_id=550e8400-e29b-41d4-a716-446655440000
2026-06-16 20:30:37,497 - src.routes.serverless_routes - INFO - GET /api/jobs/550e8400-e29b-41d4-a716-446655440000 - Request received: user_id=42, job_id=550e8400-e29b-41d4-a716-446655440000
2026-06-16 20:30:37,498 - src.routes.serverless_routes - INFO - Job status retrieved: job_id=550e8400-e29b-41d4-a716-446655440000, user_id=42
2026-06-16 20:30:37,503 - src.routes.serverless_routes - INFO - GET /api/jobs/550e8400-e29b-41d4-a716-446655440000 - Request received: user_id=1, job_id=550e8400-e29b-41d4-a716-446655440000
2026-06-16 20:30:37,504 - src.routes.serverless_routes - INFO - Job status retrieved: job_id=550e8400-e29b-41d4-a716-446655440000, user_id=1
2026-06-16 20:30:37,511 - src.routes.serverless_routes - INFO - GET /api/jobs/550e8400-e29b-41d4-a716-446655440000 - Request received: user_id=42, job_id=550e8400-e29b-41d4-a716-446655440000
2026-06-16 20:30:37,512 - src.routes.serverless_routes - INFO - Job status retrieved: job_id=550e8400-e29b-41d4-a716-446655440000, user_id=42
2026-06-16 20:30:37,518 - src.routes.serverless_routes - INFO - GET /api/jobs/550e8400-e29b-41d4-a716-446655440000 - Request received: user_id=42, job_id=550e8400-e29b-41d4-a716-446655440000
2026-06-16 20:30:37,518 - src.routes.serverless_routes - INFO - Job status retrieved: job_id=550e8400-e29b-41d4-a716-446655440000, user_id=42
2026-06-16 20:30:37,524 - src.routes.serverless_routes - INFO - GET /api/jobs/550e8400-e29b-41d4-a716-446655440000 - Request received: user_id=1, job_id=550e8400-e29b-41d4-a716-446655440000
2026-06-16 20:30:37,524 - src.routes.serverless_routes - ERROR - Failed to query job 550e8400-e29b-41d4-a716-446655440000: Connection refused
2026-06-16 20:30:37,530 - src.routes.serverless_routes - WARNING - GET /api/jobs/550e8400-e29b-41d4-a716-446655440000/result - Authentication failed: no user_id in session
2026-06-16 20:30:37,537 - src.routes.serverless_routes - INFO - GET /api/jobs/550e8400-e29b-41d4-a716-446655440000/result - Request received: user_id=1, job_id=550e8400-e29b-41d4-a716-446655440000
2026-06-16 20:30:37,544 - src.routes.serverless_routes - INFO - GET /api/jobs/550e8400-e29b-41d4-a716-446655440000/result - Request received: user_id=1, job_id=550e8400-e29b-41d4-a716-446655440000
2026-06-16 20:30:37,551 - src.routes.serverless_routes - INFO - GET /api/jobs/550e8400-e29b-41d4-a716-446655440000/result - Request received: user_id=1, job_id=550e8400-e29b-41d4-a716-446655440000
2026-06-16 20:30:37,552 - src.routes.serverless_routes - INFO - Job result retrieved: job_id=550e8400-e29b-41d4-a716-446655440000, user_id=1
2026-06-16 20:30:37,558 - src.routes.serverless_routes - INFO - GET /api/jobs/550e8400-e29b-41d4-a716-446655440000/result - Request received: user_id=42, job_id=550e8400-e29b-41d4-a716-446655440000
2026-06-16 20:30:37,564 - src.routes.serverless_routes - INFO - GET /api/jobs/550e8400-e29b-41d4-a716-446655440000/result - Request received: user_id=42, job_id=550e8400-e29b-41d4-a716-446655440000
2026-06-16 20:30:37,572 - src.routes.serverless_routes - INFO - GET /api/jobs/550e8400-e29b-41d4-a716-446655440000/result - Request received: user_id=42, job_id=550e8400-e29b-41d4-a716-446655440000
2026-06-16 20:30:37,573 - src.routes.serverless_routes - INFO - Job result retrieved: job_id=550e8400-e29b-41d4-a716-446655440000, user_id=42
2026-06-16 20:30:37,578 - src.routes.serverless_routes - INFO - GET /api/jobs/550e8400-e29b-41d4-a716-446655440000/result - Request received: user_id=42, job_id=550e8400-e29b-41d4-a716-446655440000
2026-06-16 20:30:37,578 - src.routes.serverless_routes - INFO - Job result retrieved: job_id=550e8400-e29b-41d4-a716-446655440000, user_id=42
2026-06-16 20:30:37,584 - src.routes.serverless_routes - INFO - GET /api/jobs/550e8400-e29b-41d4-a716-446655440000/result - Request received: user_id=42, job_id=550e8400-e29b-41d4-a716-446655440000
2026-06-16 20:30:37,584 - src.routes.serverless_routes - INFO - Job result retrieved: job_id=550e8400-e29b-41d4-a716-446655440000, user_id=42
2026-06-16 20:30:37,591 - src.routes.serverless_routes - INFO - GET /api/jobs/550e8400-e29b-41d4-a716-446655440000/result - Request received: user_id=42, job_id=550e8400-e29b-41d4-a716-446655440000
2026-06-16 20:30:37,592 - src.routes.serverless_routes - INFO - Job result retrieved: job_id=550e8400-e29b-41d4-a716-446655440000, user_id=42
2026-06-16 20:30:37,599 - src.routes.serverless_routes - INFO - GET /api/jobs/550e8400-e29b-41d4-a716-446655440000/result - Request received: user_id=1, job_id=550e8400-e29b-41d4-a716-446655440000
2026-06-16 20:30:37,599 - src.routes.serverless_routes - ERROR - Failed to query job 550e8400-e29b-41d4-a716-446655440000: Connection refused
2026-06-16 20:30:37,604 - src.routes.serverless_routes - WARNING - POST /api/jobs/550e8400-e29b-41d4-a716-446655440000/cancel - Authentication failed: no user_id in session
2026-06-16 20:30:37,612 - src.routes.serverless_routes - INFO - POST /api/jobs/550e8400-e29b-41d4-a716-446655440000/cancel - Request received: user_id=1, job_id=550e8400-e29b-41d4-a716-446655440000
2026-06-16 20:30:37,617 - src.routes.serverless_routes - INFO - POST /api/jobs/550e8400-e29b-41d4-a716-446655440000/cancel - Request received: user_id=1, job_id=550e8400-e29b-41d4-a716-446655440000
2026-06-16 20:30:37,623 - src.routes.serverless_routes - INFO - POST /api/jobs/550e8400-e29b-41d4-a716-446655440000/cancel - Request received: user_id=1, job_id=550e8400-e29b-41d4-a716-446655440000
2026-06-16 20:30:37,623 - src.routes.serverless_routes - INFO - Job cancelled: job_id=550e8400-e29b-41d4-a716-446655440000, user_id=1
2026-06-16 20:30:37,631 - src.routes.serverless_routes - INFO - POST /api/jobs/550e8400-e29b-41d4-a716-446655440000/cancel - Request received: user_id=42, job_id=550e8400-e29b-41d4-a716-446655440000
2026-06-16 20:30:37,636 - src.routes.serverless_routes - INFO - POST /api/jobs/550e8400-e29b-41d4-a716-446655440000/cancel - Request received: user_id=42, job_id=550e8400-e29b-41d4-a716-446655440000
2026-06-16 20:30:37,642 - src.routes.serverless_routes - INFO - POST /api/jobs/550e8400-e29b-41d4-a716-446655440000/cancel - Request received: user_id=42, job_id=550e8400-e29b-41d4-a716-446655440000
2026-06-16 20:30:37,650 - src.routes.serverless_routes - INFO - POST /api/jobs/550e8400-e29b-41d4-a716-446655440000/cancel - Request received: user_id=42, job_id=550e8400-e29b-41d4-a716-446655440000
2026-06-16 20:30:37,655 - src.routes.serverless_routes - INFO - POST /api/jobs/550e8400-e29b-41d4-a716-446655440000/cancel - Request received: user_id=42, job_id=550e8400-e29b-41d4-a716-446655440000
2026-06-16 20:30:37,656 - src.routes.serverless_routes - INFO - Job cancelled: job_id=550e8400-e29b-41d4-a716-446655440000, user_id=42
2026-06-16 20:30:37,662 - src.routes.serverless_routes - INFO - POST /api/jobs/550e8400-e29b-41d4-a716-446655440000/cancel - Request received: user_id=42, job_id=550e8400-e29b-41d4-a716-446655440000
2026-06-16 20:30:37,663 - src.routes.serverless_routes - INFO - Job cancelled: job_id=550e8400-e29b-41d4-a716-446655440000, user_id=42
2026-06-16 20:30:37,670 - src.routes.serverless_routes - INFO - POST /api/jobs/550e8400-e29b-41d4-a716-446655440000/cancel - Request received: user_id=42, job_id=550e8400-e29b-41d4-a716-446655440000
2026-06-16 20:30:37,671 - src.routes.serverless_routes - INFO - Job cancelled: job_id=550e8400-e29b-41d4-a716-446655440000, user_id=42
2026-06-16 20:30:37,676 - src.routes.serverless_routes - INFO - POST /api/jobs/550e8400-e29b-41d4-a716-446655440000/cancel - Request received: user_id=42, job_id=550e8400-e29b-41d4-a716-446655440000
2026-06-16 20:30:37,677 - src.routes.serverless_routes - ERROR - Failed to cancel job 550e8400-e29b-41d4-a716-446655440000: Connection refused
2026-06-16 20:30:37,681 - src.routes.serverless_routes - WARNING - GET /api/jobs - Authentication failed: no user_id in session
2026-06-16 20:30:37,688 - src.routes.serverless_routes - INFO - GET /api/jobs - Request received: user_id=1
2026-06-16 20:30:37,690 - src.routes.serverless_routes - INFO - Jobs listed: user_id=1, is_admin=False, total=0
2026-06-16 20:30:37,696 - src.routes.serverless_routes - INFO - GET /api/jobs - Request received: user_id=1
2026-06-16 20:30:37,696 - src.routes.serverless_routes - INFO - Jobs listed: user_id=1, is_admin=False, total=50
2026-06-16 20:30:37,701 - src.routes.serverless_routes - INFO - GET /api/jobs - Request received: user_id=1
2026-06-16 20:30:37,702 - src.routes.serverless_routes - INFO - Jobs listed: user_id=1, is_admin=False, total=50
2026-06-16 20:30:37,707 - src.routes.serverless_routes - INFO - GET /api/jobs - Request received: user_id=1
2026-06-16 20:30:37,709 - src.routes.serverless_routes - INFO - Jobs listed: user_id=1, is_admin=False, total=0
2026-06-16 20:30:37,716 - src.routes.serverless_routes - INFO - GET /api/jobs - Request received: user_id=1
2026-06-16 20:30:37,716 - src.routes.serverless_routes - INFO - Jobs listed: user_id=1, is_admin=False, total=45
2026-06-16 20:30:37,721 - src.routes.serverless_routes - INFO - GET /api/jobs - Request received: user_id=1
2026-06-16 20:30:37,722 - src.routes.serverless_routes - INFO - Jobs listed: user_id=1, is_admin=False, total=0
2026-06-16 20:30:37,730 - src.routes.serverless_routes - INFO - GET /api/jobs - Request received: user_id=1
2026-06-16 20:30:37,736 - src.routes.serverless_routes - INFO - GET /api/jobs - Request received: user_id=1
2026-06-16 20:30:37,736 - src.routes.serverless_routes - INFO - Jobs listed: user_id=1, is_admin=False, total=0
2026-06-16 20:30:37,743 - src.routes.serverless_routes - INFO - GET /api/jobs - Request received: user_id=1
2026-06-16 20:30:37,744 - src.routes.serverless_routes - INFO - Jobs listed: user_id=1, is_admin=False, total=0
2026-06-16 20:30:37,752 - src.routes.serverless_routes - INFO - GET /api/jobs - Request received: user_id=1
2026-06-16 20:30:37,753 - src.routes.serverless_routes - INFO - Jobs listed: user_id=1, is_admin=False, total=2
2026-06-16 20:30:37,762 - src.routes.serverless_routes - INFO - GET /api/jobs - Request received: user_id=42
2026-06-16 20:30:37,763 - src.routes.serverless_routes - INFO - Jobs listed: user_id=42, is_admin=False, total=1
2026-06-16 20:30:37,770 - src.routes.serverless_routes - INFO - GET /api/jobs - Request received: user_id=1
2026-06-16 20:30:37,771 - src.routes.serverless_routes - INFO - Jobs listed: user_id=1, is_admin=True, total=10
2026-06-16 20:30:37,777 - src.routes.serverless_routes - INFO - GET /api/jobs - Request received: user_id=42
2026-06-16 20:30:37,882 - src.routes.serverless_routes - INFO - GET /api/jobs - Request received: user_id=1
2026-06-16 20:30:37,882 - src.routes.serverless_routes - ERROR - Failed to list jobs: Connection refused
2026-06-16 20:30:37,891 - src.routes.serverless_routes - WARNING - GET /api/jobs/metrics - Authentication failed: no user_id in session
2026-06-16 20:30:37,897 - src.routes.serverless_routes - INFO - GET /api/jobs/metrics - Request received: user_id=1
2026-06-16 20:30:37,898 - src.routes.serverless_routes - WARNING - GET /api/jobs/metrics - Access denied: user_id=1 is not admin
2026-06-16 20:30:37,904 - src.routes.serverless_routes - INFO - GET /api/jobs/metrics - Request received: user_id=1
2026-06-16 20:30:37,904 - src.routes.serverless_routes - WARNING - GET /api/jobs/metrics - Access denied: user_id=1 is not admin
2026-06-16 20:30:37,912 - src.routes.serverless_routes - INFO - GET /api/jobs/metrics - Request received: user_id=1
2026-06-16 20:30:37,913 - src.routes.serverless_routes - INFO - Metrics retrieved by admin user_id=1
2026-06-16 20:30:37,919 - src.routes.serverless_routes - INFO - GET /api/jobs/metrics - Request received: user_id=1
2026-06-16 20:30:37,920 - src.routes.serverless_routes - INFO - Metrics retrieved by admin user_id=1
2026-06-16 20:30:37,928 - src.routes.serverless_routes - INFO - GET /api/jobs/metrics - Request received: user_id=1
2026-06-16 20:30:37,929 - src.routes.serverless_routes - INFO - Metrics retrieved by admin user_id=1
2026-06-16 20:30:37,935 - src.routes.serverless_routes - INFO - GET /api/jobs/metrics - Request received: user_id=1
2026-06-16 20:30:37,936 - src.routes.serverless_routes - INFO - Metrics retrieved by admin user_id=1
2026-06-16 20:30:37,942 - src.routes.serverless_routes - INFO - GET /api/jobs/metrics - Request received: user_id=1
2026-06-16 20:30:37,943 - src.routes.serverless_routes - ERROR - Failed to retrieve metrics: Connection refused
2026-06-16 20:32:02,850 - src.routes.serverless_routes - WARNING - POST /api/jobs - Authentication failed: no user_id in session
2026-06-16 20:32:02,859 - src.routes.serverless_routes - INFO - POST /api/jobs - Request received: user_id=1
2026-06-16 20:32:02,860 - src.routes.serverless_routes - INFO - Job submitted: job_id=18203f70-7327-4ec8-8fe9-588f2f3ae1ee, user_id=1, image=docker.io/python:3.11, target_link=http://opcp-psmc.com:6132
2026-06-16 20:32:02,866 - src.routes.serverless_routes - INFO - POST /api/jobs - Request received: user_id=1
2026-06-16 20:32:02,873 - src.routes.serverless_routes - INFO - POST /api/jobs - Request received: user_id=1
2026-06-16 20:32:02,879 - src.routes.serverless_routes - INFO - POST /api/jobs - Request received: user_id=1
2026-06-16 20:32:02,884 - src.routes.serverless_routes - INFO - POST /api/jobs - Request received: user_id=1
2026-06-16 20:32:02,891 - src.routes.serverless_routes - INFO - POST /api/jobs - Request received: user_id=1
2026-06-16 20:32:02,898 - src.routes.serverless_routes - INFO - POST /api/jobs - Request received: user_id=1
2026-06-16 20:32:02,904 - src.routes.serverless_routes - INFO - POST /api/jobs - Request received: user_id=1
2026-06-16 20:32:02,910 - src.routes.serverless_routes - INFO - POST /api/jobs - Request received: user_id=1
2026-06-16 20:32:02,917 - src.routes.serverless_routes - INFO - POST /api/jobs - Request received: user_id=1
2026-06-16 20:32:02,922 - src.routes.serverless_routes - INFO - POST /api/jobs - Request received: user_id=1
2026-06-16 20:32:02,928 - src.routes.serverless_routes - INFO - POST /api/jobs - Request received: user_id=1
2026-06-16 20:32:02,928 - src.routes.serverless_routes - INFO - Job submitted: job_id=07b714f5-f527-4ad9-b99f-4a220b1142e8, user_id=1, image=docker.io/python:3.11, target_link=http://opcp-psmc.com:6132
2026-06-16 20:32:02,936 - src.routes.serverless_routes - INFO - POST /api/jobs - Request received: user_id=1
2026-06-16 20:32:02,937 - src.routes.serverless_routes - INFO - Job submitted: job_id=d5222ec0-f56c-434e-aec0-dbfed3887718, user_id=1, image=docker.io/python:3.11, target_link=http://opcp-psmc.com:6132
2026-06-16 20:32:02,944 - src.routes.serverless_routes - INFO - POST /api/jobs - Request received: user_id=1
2026-06-16 20:32:02,950 - src.routes.serverless_routes - INFO - POST /api/jobs - Request received: user_id=1
2026-06-16 20:32:02,951 - src.routes.serverless_routes - INFO - Job submitted: job_id=db073a57-059c-4795-8ffa-d4fff4390094, user_id=1, image=python:3.11, target_link=http://opcp-psmc.com:6132
2026-06-16 20:32:02,958 - src.routes.serverless_routes - INFO - POST /api/jobs - Request received: user_id=1
2026-06-16 20:32:02,959 - src.routes.serverless_routes - INFO - Job submitted: job_id=5eff8059-fcac-496d-9338-5b3f9e016d8c, user_id=1, image=ghcr.io/org/myapp:latest, target_link=http://opcp-psmc.com:6132
2026-06-16 20:32:02,965 - src.routes.serverless_routes - INFO - POST /api/jobs - Request received: user_id=42
2026-06-16 20:32:02,965 - src.routes.serverless_routes - INFO - Job submitted: job_id=550e8400-e29b-41d4-a716-446655440000, user_id=42, image=docker.io/python:3.11, target_link=http://opcp-psmc.com:6132
2026-06-16 20:32:02,972 - src.routes.serverless_routes - INFO - POST /api/jobs - Request received: user_id=7
2026-06-16 20:32:02,974 - src.routes.serverless_routes - INFO - Job submitted: job_id=0490f075-313b-4a3a-8244-aed42c70ab6a, user_id=7, image=registry.example.com/myapp:v1, target_link=http://opcp-psmc.com:6134
2026-06-16 20:32:02,981 - src.routes.serverless_routes - INFO - POST /api/jobs - Request received: user_id=1
2026-06-16 20:32:02,981 - src.routes.serverless_routes - INFO - Job submitted: job_id=bed1dfc1-9a8a-4013-b190-78b038b767af, user_id=1, image=docker.io/alpine:latest, target_link=http://opcp-psmc.com:6132
2026-06-16 20:32:02,987 - src.routes.serverless_routes - INFO - POST /api/jobs - Request received: user_id=1
2026-06-16 20:32:02,987 - src.routes.serverless_routes - INFO - Job submitted: job_id=0100d5c4-3c85-4f9d-8d43-54eeead5a47a, user_id=1, image=docker.io/alpine:latest, target_link=http://opcp-psmc.com:6132
2026-06-16 20:32:02,995 - src.routes.serverless_routes - INFO - POST /api/jobs - Request received: user_id=1
2026-06-16 20:32:02,996 - src.routes.serverless_routes - ERROR - Failed to insert job record: Connection refused
2026-06-16 20:32:03,000 - src.routes.serverless_routes - WARNING - GET /api/jobs/550e8400-e29b-41d4-a716-446655440000 - Authentication failed: no user_id in session
2026-06-16 20:32:03,006 - src.routes.serverless_routes - INFO - GET /api/jobs/550e8400-e29b-41d4-a716-446655440000 - Request received: user_id=1, job_id=550e8400-e29b-41d4-a716-446655440000
2026-06-16 20:32:03,014 - src.routes.serverless_routes - INFO - GET /api/jobs/550e8400-e29b-41d4-a716-446655440000 - Request received: user_id=1, job_id=550e8400-e29b-41d4-a716-446655440000
2026-06-16 20:32:03,020 - src.routes.serverless_routes - INFO - GET /api/jobs/550e8400-e29b-41d4-a716-446655440000 - Request received: user_id=42, job_id=550e8400-e29b-41d4-a716-446655440000
2026-06-16 20:32:03,020 - src.routes.serverless_routes - INFO - Job status retrieved: job_id=550e8400-e29b-41d4-a716-446655440000, user_id=42
2026-06-16 20:32:03,026 - src.routes.serverless_routes - INFO - GET /api/jobs/550e8400-e29b-41d4-a716-446655440000 - Request received: user_id=1, job_id=550e8400-e29b-41d4-a716-446655440000
2026-06-16 20:32:03,027 - src.routes.serverless_routes - INFO - Job status retrieved: job_id=550e8400-e29b-41d4-a716-446655440000, user_id=1
2026-06-16 20:32:03,034 - src.routes.serverless_routes - INFO - GET /api/jobs/550e8400-e29b-41d4-a716-446655440000 - Request received: user_id=42, job_id=550e8400-e29b-41d4-a716-446655440000
2026-06-16 20:32:03,035 - src.routes.serverless_routes - INFO - Job status retrieved: job_id=550e8400-e29b-41d4-a716-446655440000, user_id=42
2026-06-16 20:32:03,041 - src.routes.serverless_routes - INFO - GET /api/jobs/550e8400-e29b-41d4-a716-446655440000 - Request received: user_id=42, job_id=550e8400-e29b-41d4-a716-446655440000
2026-06-16 20:32:03,042 - src.routes.serverless_routes - INFO - Job status retrieved: job_id=550e8400-e29b-41d4-a716-446655440000, user_id=42
2026-06-16 20:32:03,047 - src.routes.serverless_routes - INFO - GET /api/jobs/550e8400-e29b-41d4-a716-446655440000 - Request received: user_id=1, job_id=550e8400-e29b-41d4-a716-446655440000
2026-06-16 20:32:03,048 - src.routes.serverless_routes - ERROR - Failed to query job 550e8400-e29b-41d4-a716-446655440000: Connection refused
2026-06-16 20:32:03,053 - src.routes.serverless_routes - WARNING - GET /api/jobs/550e8400-e29b-41d4-a716-446655440000/result - Authentication failed: no user_id in session
2026-06-16 20:32:03,061 - src.routes.serverless_routes - INFO - GET /api/jobs/550e8400-e29b-41d4-a716-446655440000/result - Request received: user_id=1, job_id=550e8400-e29b-41d4-a716-446655440000
2026-06-16 20:32:03,067 - src.routes.serverless_routes - INFO - GET /api/jobs/550e8400-e29b-41d4-a716-446655440000/result - Request received: user_id=1, job_id=550e8400-e29b-41d4-a716-446655440000
2026-06-16 20:32:03,075 - src.routes.serverless_routes - INFO - GET /api/jobs/550e8400-e29b-41d4-a716-446655440000/result - Request received: user_id=1, job_id=550e8400-e29b-41d4-a716-446655440000
2026-06-16 20:32:03,076 - src.routes.serverless_routes - INFO - Job result retrieved: job_id=550e8400-e29b-41d4-a716-446655440000, user_id=1
2026-06-16 20:32:03,082 - src.routes.serverless_routes - INFO - GET /api/jobs/550e8400-e29b-41d4-a716-446655440000/result - Request received: user_id=42, job_id=550e8400-e29b-41d4-a716-446655440000
2026-06-16 20:32:03,086 - src.routes.serverless_routes - INFO - GET /api/jobs/550e8400-e29b-41d4-a716-446655440000/result - Request received: user_id=42, job_id=550e8400-e29b-41d4-a716-446655440000
2026-06-16 20:32:03,094 - src.routes.serverless_routes - INFO - GET /api/jobs/550e8400-e29b-41d4-a716-446655440000/result - Request received: user_id=42, job_id=550e8400-e29b-41d4-a716-446655440000
2026-06-16 20:32:03,095 - src.routes.serverless_routes - INFO - Job result retrieved: job_id=550e8400-e29b-41d4-a716-446655440000, user_id=42
2026-06-16 20:32:03,100 - src.routes.serverless_routes - INFO - GET /api/jobs/550e8400-e29b-41d4-a716-446655440000/result - Request received: user_id=42, job_id=550e8400-e29b-41d4-a716-446655440000
2026-06-16 20:32:03,101 - src.routes.serverless_routes - INFO - Job result retrieved: job_id=550e8400-e29b-41d4-a716-446655440000, user_id=42
2026-06-16 20:32:03,109 - src.routes.serverless_routes - INFO - GET /api/jobs/550e8400-e29b-41d4-a716-446655440000/result - Request received: user_id=42, job_id=550e8400-e29b-41d4-a716-446655440000
2026-06-16 20:32:03,110 - src.routes.serverless_routes - INFO - Job result retrieved: job_id=550e8400-e29b-41d4-a716-446655440000, user_id=42
2026-06-16 20:32:03,116 - src.routes.serverless_routes - INFO - GET /api/jobs/550e8400-e29b-41d4-a716-446655440000/result - Request received: user_id=42, job_id=550e8400-e29b-41d4-a716-446655440000
2026-06-16 20:32:03,117 - src.routes.serverless_routes - INFO - Job result retrieved: job_id=550e8400-e29b-41d4-a716-446655440000, user_id=42
2026-06-16 20:32:03,124 - src.routes.serverless_routes - INFO - GET /api/jobs/550e8400-e29b-41d4-a716-446655440000/result - Request received: user_id=1, job_id=550e8400-e29b-41d4-a716-446655440000
2026-06-16 20:32:03,124 - src.routes.serverless_routes - ERROR - Failed to query job 550e8400-e29b-41d4-a716-446655440000: Connection refused
2026-06-16 20:32:03,130 - src.routes.serverless_routes - WARNING - POST /api/jobs/550e8400-e29b-41d4-a716-446655440000/cancel - Authentication failed: no user_id in session
2026-06-16 20:32:03,137 - src.routes.serverless_routes - INFO - POST /api/jobs/550e8400-e29b-41d4-a716-446655440000/cancel - Request received: user_id=1, job_id=550e8400-e29b-41d4-a716-446655440000
2026-06-16 20:32:03,143 - src.routes.serverless_routes - INFO - POST /api/jobs/550e8400-e29b-41d4-a716-446655440000/cancel - Request received: user_id=1, job_id=550e8400-e29b-41d4-a716-446655440000
2026-06-16 20:32:03,149 - src.routes.serverless_routes - INFO - POST /api/jobs/550e8400-e29b-41d4-a716-446655440000/cancel - Request received: user_id=1, job_id=550e8400-e29b-41d4-a716-446655440000
2026-06-16 20:32:03,151 - src.routes.serverless_routes - INFO - Job cancelled: job_id=550e8400-e29b-41d4-a716-446655440000, user_id=1
2026-06-16 20:32:03,159 - src.routes.serverless_routes - INFO - POST /api/jobs/550e8400-e29b-41d4-a716-446655440000/cancel - Request received: user_id=42, job_id=550e8400-e29b-41d4-a716-446655440000
2026-06-16 20:32:03,181 - src.routes.serverless_routes - INFO - POST /api/jobs/550e8400-e29b-41d4-a716-446655440000/cancel - Request received: user_id=42, job_id=550e8400-e29b-41d4-a716-446655440000
2026-06-16 20:32:03,188 - src.routes.serverless_routes - INFO - POST /api/jobs/550e8400-e29b-41d4-a716-446655440000/cancel - Request received: user_id=42, job_id=550e8400-e29b-41d4-a716-446655440000
2026-06-16 20:32:03,196 - src.routes.serverless_routes - INFO - POST /api/jobs/550e8400-e29b-41d4-a716-446655440000/cancel - Request received: user_id=42, job_id=550e8400-e29b-41d4-a716-446655440000
2026-06-16 20:32:03,202 - src.routes.serverless_routes - INFO - POST /api/jobs/550e8400-e29b-41d4-a716-446655440000/cancel - Request received: user_id=42, job_id=550e8400-e29b-41d4-a716-446655440000
2026-06-16 20:32:03,203 - src.routes.serverless_routes - INFO - Job cancelled: job_id=550e8400-e29b-41d4-a716-446655440000, user_id=42
2026-06-16 20:32:03,209 - src.routes.serverless_routes - INFO - POST /api/jobs/550e8400-e29b-41d4-a716-446655440000/cancel - Request received: user_id=42, job_id=550e8400-e29b-41d4-a716-446655440000
2026-06-16 20:32:03,211 - src.routes.serverless_routes - INFO - Job cancelled: job_id=550e8400-e29b-41d4-a716-446655440000, user_id=42
2026-06-16 20:32:03,218 - src.routes.serverless_routes - INFO - POST /api/jobs/550e8400-e29b-41d4-a716-446655440000/cancel - Request received: user_id=42, job_id=550e8400-e29b-41d4-a716-446655440000
2026-06-16 20:32:03,218 - src.routes.serverless_routes - INFO - Job cancelled: job_id=550e8400-e29b-41d4-a716-446655440000, user_id=42
2026-06-16 20:32:03,226 - src.routes.serverless_routes - INFO - POST /api/jobs/550e8400-e29b-41d4-a716-446655440000/cancel - Request received: user_id=42, job_id=550e8400-e29b-41d4-a716-446655440000
2026-06-16 20:32:03,226 - src.routes.serverless_routes - ERROR - Failed to cancel job 550e8400-e29b-41d4-a716-446655440000: Connection refused
2026-06-16 20:32:03,232 - src.routes.serverless_routes - WARNING - GET /api/jobs - Authentication failed: no user_id in session
2026-06-16 20:32:03,238 - src.routes.serverless_routes - INFO - GET /api/jobs - Request received: user_id=1
2026-06-16 20:32:03,239 - src.routes.serverless_routes - INFO - Jobs listed: user_id=1, is_admin=False, total=0
2026-06-16 20:32:03,245 - src.routes.serverless_routes - INFO - GET /api/jobs - Request received: user_id=1
2026-06-16 20:32:03,246 - src.routes.serverless_routes - INFO - Jobs listed: user_id=1, is_admin=False, total=50
2026-06-16 20:32:03,252 - src.routes.serverless_routes - INFO - GET /api/jobs - Request received: user_id=1
2026-06-16 20:32:03,253 - src.routes.serverless_routes - INFO - Jobs listed: user_id=1, is_admin=False, total=50
2026-06-16 20:32:03,260 - src.routes.serverless_routes - INFO - GET /api/jobs - Request received: user_id=1
2026-06-16 20:32:03,261 - src.routes.serverless_routes - INFO - Jobs listed: user_id=1, is_admin=False, total=0
2026-06-16 20:32:03,267 - src.routes.serverless_routes - INFO - GET /api/jobs - Request received: user_id=1
2026-06-16 20:32:03,268 - src.routes.serverless_routes - INFO - Jobs listed: user_id=1, is_admin=False, total=45
2026-06-16 20:32:03,275 - src.routes.serverless_routes - INFO - GET /api/jobs - Request received: user_id=1
2026-06-16 20:32:03,276 - src.routes.serverless_routes - INFO - Jobs listed: user_id=1, is_admin=False, total=0
2026-06-16 20:32:03,281 - src.routes.serverless_routes - INFO - GET /api/jobs - Request received: user_id=1
2026-06-16 20:32:03,288 - src.routes.serverless_routes - INFO - GET /api/jobs - Request received: user_id=1
2026-06-16 20:32:03,290 - src.routes.serverless_routes - INFO - Jobs listed: user_id=1, is_admin=False, total=0
2026-06-16 20:32:03,297 - src.routes.serverless_routes - INFO - GET /api/jobs - Request received: user_id=1
2026-06-16 20:32:03,298 - src.routes.serverless_routes - INFO - Jobs listed: user_id=1, is_admin=False, total=0
2026-06-16 20:32:03,303 - src.routes.serverless_routes - INFO - GET /api/jobs - Request received: user_id=1
2026-06-16 20:32:03,304 - src.routes.serverless_routes - INFO - Jobs listed: user_id=1, is_admin=False, total=2
2026-06-16 20:32:03,312 - src.routes.serverless_routes - INFO - GET /api/jobs - Request received: user_id=42
2026-06-16 20:32:03,313 - src.routes.serverless_routes - INFO - Jobs listed: user_id=42, is_admin=False, total=1
2026-06-16 20:32:03,318 - src.routes.serverless_routes - INFO - GET /api/jobs - Request received: user_id=1
2026-06-16 20:32:03,319 - src.routes.serverless_routes - INFO - Jobs listed: user_id=1, is_admin=True, total=10
2026-06-16 20:32:03,326 - src.routes.serverless_routes - INFO - GET /api/jobs - Request received: user_id=42
2026-06-16 20:32:03,327 - src.routes.serverless_routes - INFO - Jobs listed: user_id=42, is_admin=False, total=1
2026-06-16 20:32:03,333 - src.routes.serverless_routes - INFO - GET /api/jobs - Request received: user_id=1
2026-06-16 20:32:03,334 - src.routes.serverless_routes - ERROR - Failed to list jobs: Connection refused
2026-06-16 20:32:03,340 - src.routes.serverless_routes - WARNING - GET /api/jobs/metrics - Authentication failed: no user_id in session
2026-06-16 20:32:03,346 - src.routes.serverless_routes - INFO - GET /api/jobs/metrics - Request received: user_id=1
2026-06-16 20:32:03,347 - src.routes.serverless_routes - WARNING - GET /api/jobs/metrics - Access denied: user_id=1 is not admin
2026-06-16 20:32:03,353 - src.routes.serverless_routes - INFO - GET /api/jobs/metrics - Request received: user_id=1
2026-06-16 20:32:03,354 - src.routes.serverless_routes - WARNING - GET /api/jobs/metrics - Access denied: user_id=1 is not admin
2026-06-16 20:32:03,360 - src.routes.serverless_routes - INFO - GET /api/jobs/metrics - Request received: user_id=1
2026-06-16 20:32:03,361 - src.routes.serverless_routes - INFO - Metrics retrieved by admin user_id=1
2026-06-16 20:32:03,366 - src.routes.serverless_routes - INFO - GET /api/jobs/metrics - Request received: user_id=1
2026-06-16 20:32:03,366 - src.routes.serverless_routes - INFO - Metrics retrieved by admin user_id=1
2026-06-16 20:32:03,375 - src.routes.serverless_routes - INFO - GET /api/jobs/metrics - Request received: user_id=1
2026-06-16 20:32:03,382 - src.routes.serverless_routes - INFO - Metrics retrieved by admin user_id=1
2026-06-16 20:32:03,394 - src.routes.serverless_routes - INFO - GET /api/jobs/metrics - Request received: user_id=1
2026-06-16 20:32:03,395 - src.routes.serverless_routes - INFO - Metrics retrieved by admin user_id=1
2026-06-16 20:32:03,403 - src.routes.serverless_routes - INFO - GET /api/jobs/metrics - Request received: user_id=1
2026-06-16 20:32:03,404 - src.routes.serverless_routes - ERROR - Failed to retrieve metrics: Connection refused
2026-06-16 20:32:56,929 - src.routes.serverless_routes - INFO - POST /api/jobs - Request received: user_id=7
2026-06-16 20:32:56,929 - src.routes.serverless_routes - INFO - Job submitted: job_id=0ed1773a-a164-4ba9-ba12-7ef127f489fc, user_id=7, image=registry.example.com/myapp:v1, target_link=http://opcp-psmc.com:6134
2026-06-16 21:55:14,198 - src.routes.serverless_routes - WARNING - POST /api/jobs - Authentication failed: no user_id in session
2026-06-16 21:55:14,211 - src.routes.serverless_routes - INFO - POST /api/jobs - Request received: user_id=1
2026-06-16 21:55:14,212 - src.routes.serverless_routes - INFO - Job submitted: job_id=1bd90298-855c-472b-b2c4-02ea20b3369d, user_id=1, image=docker.io/python:3.11, target_link=http://opcp-psmc.com:6132
2026-06-16 21:55:14,220 - src.routes.serverless_routes - INFO - POST /api/jobs - Request received: user_id=1
2026-06-16 21:55:14,228 - src.routes.serverless_routes - INFO - POST /api/jobs - Request received: user_id=1
2026-06-16 21:55:14,236 - src.routes.serverless_routes - INFO - POST /api/jobs - Request received: user_id=1
2026-06-16 21:55:14,243 - src.routes.serverless_routes - INFO - POST /api/jobs - Request received: user_id=1
2026-06-16 21:55:14,253 - src.routes.serverless_routes - INFO - POST /api/jobs - Request received: user_id=1
2026-06-16 21:55:14,259 - src.routes.serverless_routes - INFO - POST /api/jobs - Request received: user_id=1
2026-06-16 21:55:14,267 - src.routes.serverless_routes - INFO - POST /api/jobs - Request received: user_id=1
2026-06-16 21:55:14,278 - src.routes.serverless_routes - INFO - POST /api/jobs - Request received: user_id=1
2026-06-16 21:55:14,288 - src.routes.serverless_routes - INFO - POST /api/jobs - Request received: user_id=1
2026-06-16 21:55:14,294 - src.routes.serverless_routes - INFO - POST /api/jobs - Request received: user_id=1
2026-06-16 21:55:14,302 - src.routes.serverless_routes - INFO - POST /api/jobs - Request received: user_id=1
2026-06-16 21:55:14,303 - src.routes.serverless_routes - INFO - Job submitted: job_id=3bbcf2ce-756c-4748-aba3-6857886da56f, user_id=1, image=docker.io/python:3.11, target_link=http://opcp-psmc.com:6132
2026-06-16 21:55:14,310 - src.routes.serverless_routes - INFO - POST /api/jobs - Request received: user_id=1
2026-06-16 21:55:14,311 - src.routes.serverless_routes - INFO - Job submitted: job_id=ec6f35cc-c9dc-47bb-bbd5-e30a3f4a710a, user_id=1, image=docker.io/python:3.11, target_link=http://opcp-psmc.com:6132
2026-06-16 21:55:14,318 - src.routes.serverless_routes - INFO - POST /api/jobs - Request received: user_id=1
2026-06-16 21:55:14,323 - src.routes.serverless_routes - INFO - POST /api/jobs - Request received: user_id=1
2026-06-16 21:55:14,324 - src.routes.serverless_routes - INFO - Job submitted: job_id=197cd88a-be26-44cf-b6f6-d8d514d679db, user_id=1, image=python:3.11, target_link=http://opcp-psmc.com:6132
2026-06-16 21:55:14,343 - src.routes.serverless_routes - INFO - POST /api/jobs - Request received: user_id=1
2026-06-16 21:55:14,344 - src.routes.serverless_routes - INFO - Job submitted: job_id=c5946072-6670-46cb-a042-dfdd1e815057, user_id=1, image=ghcr.io/org/myapp:latest, target_link=http://opcp-psmc.com:6132
2026-06-16 21:55:14,352 - src.routes.serverless_routes - INFO - POST /api/jobs - Request received: user_id=42
2026-06-16 21:55:14,352 - src.routes.serverless_routes - INFO - Job submitted: job_id=550e8400-e29b-41d4-a716-446655440000, user_id=42, image=docker.io/python:3.11, target_link=http://opcp-psmc.com:6132
2026-06-16 21:55:14,357 - src.routes.serverless_routes - INFO - POST /api/jobs - Request received: user_id=7
2026-06-16 21:55:14,358 - src.routes.serverless_routes - INFO - Job submitted: job_id=f8f32362-e71b-42ae-a88b-a851e8d0ecad, user_id=7, image=registry.example.com/myapp:v1, target_link=http://opcp-psmc.com:6134
2026-06-16 21:55:14,362 - src.routes.serverless_routes - INFO - POST /api/jobs - Request received: user_id=1
2026-06-16 21:55:14,363 - src.routes.serverless_routes - INFO - Job submitted: job_id=8316cc52-4179-4e0f-9d89-28c7256df622, user_id=1, image=docker.io/alpine:latest, target_link=http://opcp-psmc.com:6132
2026-06-16 21:55:14,372 - src.routes.serverless_routes - INFO - POST /api/jobs - Request received: user_id=1
2026-06-16 21:55:14,373 - src.routes.serverless_routes - INFO - Job submitted: job_id=09fde90d-4c45-425c-827a-455d9dcfccaa, user_id=1, image=docker.io/alpine:latest, target_link=http://opcp-psmc.com:6132
2026-06-16 21:55:14,380 - src.routes.serverless_routes - INFO - POST /api/jobs - Request received: user_id=1
2026-06-16 21:55:14,381 - src.routes.serverless_routes - ERROR - Failed to insert job record: Connection refused
2026-06-16 21:55:14,387 - src.routes.serverless_routes - WARNING - GET /api/jobs/550e8400-e29b-41d4-a716-446655440000 - Authentication failed: no user_id in session
2026-06-16 21:55:14,395 - src.routes.serverless_routes - INFO - GET /api/jobs/550e8400-e29b-41d4-a716-446655440000 - Request received: user_id=1, job_id=550e8400-e29b-41d4-a716-446655440000
2026-06-16 21:55:14,402 - src.routes.serverless_routes - INFO - GET /api/jobs/550e8400-e29b-41d4-a716-446655440000 - Request received: user_id=1, job_id=550e8400-e29b-41d4-a716-446655440000
2026-06-16 21:55:14,409 - src.routes.serverless_routes - INFO - GET /api/jobs/550e8400-e29b-41d4-a716-446655440000 - Request received: user_id=42, job_id=550e8400-e29b-41d4-a716-446655440000
2026-06-16 21:55:14,410 - src.routes.serverless_routes - INFO - Job status retrieved: job_id=550e8400-e29b-41d4-a716-446655440000, user_id=42
2026-06-16 21:55:14,417 - src.routes.serverless_routes - INFO - GET /api/jobs/550e8400-e29b-41d4-a716-446655440000 - Request received: user_id=1, job_id=550e8400-e29b-41d4-a716-446655440000
2026-06-16 21:55:14,418 - src.routes.serverless_routes - INFO - Job status retrieved: job_id=550e8400-e29b-41d4-a716-446655440000, user_id=1
2026-06-16 21:55:14,424 - src.routes.serverless_routes - INFO - GET /api/jobs/550e8400-e29b-41d4-a716-446655440000 - Request received: user_id=42, job_id=550e8400-e29b-41d4-a716-446655440000
2026-06-16 21:55:14,424 - src.routes.serverless_routes - INFO - Job status retrieved: job_id=550e8400-e29b-41d4-a716-446655440000, user_id=42
2026-06-16 21:55:14,432 - src.routes.serverless_routes - INFO - GET /api/jobs/550e8400-e29b-41d4-a716-446655440000 - Request received: user_id=42, job_id=550e8400-e29b-41d4-a716-446655440000
2026-06-16 21:55:14,433 - src.routes.serverless_routes - INFO - Job status retrieved: job_id=550e8400-e29b-41d4-a716-446655440000, user_id=42
2026-06-16 21:55:14,440 - src.routes.serverless_routes - INFO - GET /api/jobs/550e8400-e29b-41d4-a716-446655440000 - Request received: user_id=1, job_id=550e8400-e29b-41d4-a716-446655440000
2026-06-16 21:55:14,445 - src.routes.serverless_routes - ERROR - Failed to query job 550e8400-e29b-41d4-a716-446655440000: Connection refused
2026-06-16 21:55:14,452 - src.routes.serverless_routes - WARNING - GET /api/jobs/550e8400-e29b-41d4-a716-446655440000/result - Authentication failed: no user_id in session
2026-06-16 21:55:14,458 - src.routes.serverless_routes - INFO - GET /api/jobs/550e8400-e29b-41d4-a716-446655440000/result - Request received: user_id=1, job_id=550e8400-e29b-41d4-a716-446655440000
2026-06-16 21:55:14,465 - src.routes.serverless_routes - INFO - GET /api/jobs/550e8400-e29b-41d4-a716-446655440000/result - Request received: user_id=1, job_id=550e8400-e29b-41d4-a716-446655440000
2026-06-16 21:55:14,474 - src.routes.serverless_routes - INFO - GET /api/jobs/550e8400-e29b-41d4-a716-446655440000/result - Request received: user_id=1, job_id=550e8400-e29b-41d4-a716-446655440000
2026-06-16 21:55:14,476 - src.routes.serverless_routes - INFO - Job result retrieved: job_id=550e8400-e29b-41d4-a716-446655440000, user_id=1
2026-06-16 21:55:14,484 - src.routes.serverless_routes - INFO - GET /api/jobs/550e8400-e29b-41d4-a716-446655440000/result - Request received: user_id=42, job_id=550e8400-e29b-41d4-a716-446655440000
2026-06-16 21:55:14,493 - src.routes.serverless_routes - INFO - GET /api/jobs/550e8400-e29b-41d4-a716-446655440000/result - Request received: user_id=42, job_id=550e8400-e29b-41d4-a716-446655440000
2026-06-16 21:55:14,502 - src.routes.serverless_routes - INFO - GET /api/jobs/550e8400-e29b-41d4-a716-446655440000/result - Request received: user_id=42, job_id=550e8400-e29b-41d4-a716-446655440000
2026-06-16 21:55:14,503 - src.routes.serverless_routes - INFO - Job result retrieved: job_id=550e8400-e29b-41d4-a716-446655440000, user_id=42
2026-06-16 21:55:14,511 - src.routes.serverless_routes - INFO - GET /api/jobs/550e8400-e29b-41d4-a716-446655440000/result - Request received: user_id=42, job_id=550e8400-e29b-41d4-a716-446655440000
2026-06-16 21:55:14,512 - src.routes.serverless_routes - INFO - Job result retrieved: job_id=550e8400-e29b-41d4-a716-446655440000, user_id=42
2026-06-16 21:55:14,519 - src.routes.serverless_routes - INFO - GET /api/jobs/550e8400-e29b-41d4-a716-446655440000/result - Request received: user_id=42, job_id=550e8400-e29b-41d4-a716-446655440000
2026-06-16 21:55:14,520 - src.routes.serverless_routes - INFO - Job result retrieved: job_id=550e8400-e29b-41d4-a716-446655440000, user_id=42
2026-06-16 21:55:14,526 - src.routes.serverless_routes - INFO - GET /api/jobs/550e8400-e29b-41d4-a716-446655440000/result - Request received: user_id=42, job_id=550e8400-e29b-41d4-a716-446655440000
2026-06-16 21:55:14,527 - src.routes.serverless_routes - INFO - Job result retrieved: job_id=550e8400-e29b-41d4-a716-446655440000, user_id=42
2026-06-16 21:55:14,535 - src.routes.serverless_routes - INFO - GET /api/jobs/550e8400-e29b-41d4-a716-446655440000/result - Request received: user_id=1, job_id=550e8400-e29b-41d4-a716-446655440000
2026-06-16 21:55:14,537 - src.routes.serverless_routes - ERROR - Failed to query job 550e8400-e29b-41d4-a716-446655440000: Connection refused
2026-06-16 21:55:14,543 - src.routes.serverless_routes - WARNING - POST /api/jobs/550e8400-e29b-41d4-a716-446655440000/cancel - Authentication failed: no user_id in session
2026-06-16 21:55:14,552 - src.routes.serverless_routes - INFO - POST /api/jobs/550e8400-e29b-41d4-a716-446655440000/cancel - Request received: user_id=1, job_id=550e8400-e29b-41d4-a716-446655440000
2026-06-16 21:55:14,557 - src.routes.serverless_routes - INFO - POST /api/jobs/550e8400-e29b-41d4-a716-446655440000/cancel - Request received: user_id=1, job_id=550e8400-e29b-41d4-a716-446655440000
2026-06-16 21:55:14,566 - src.routes.serverless_routes - INFO - POST /api/jobs/550e8400-e29b-41d4-a716-446655440000/cancel - Request received: user_id=1, job_id=550e8400-e29b-41d4-a716-446655440000
2026-06-16 21:55:14,568 - src.routes.serverless_routes - INFO - Job cancelled: job_id=550e8400-e29b-41d4-a716-446655440000, user_id=1
2026-06-16 21:55:14,579 - src.routes.serverless_routes - INFO - POST /api/jobs/550e8400-e29b-41d4-a716-446655440000/cancel - Request received: user_id=42, job_id=550e8400-e29b-41d4-a716-446655440000
2026-06-16 21:55:14,592 - src.routes.serverless_routes - INFO - POST /api/jobs/550e8400-e29b-41d4-a716-446655440000/cancel - Request received: user_id=42, job_id=550e8400-e29b-41d4-a716-446655440000
2026-06-16 21:55:14,600 - src.routes.serverless_routes - INFO - POST /api/jobs/550e8400-e29b-41d4-a716-446655440000/cancel - Request received: user_id=42, job_id=550e8400-e29b-41d4-a716-446655440000
2026-06-16 21:55:14,608 - src.routes.serverless_routes - INFO - POST /api/jobs/550e8400-e29b-41d4-a716-446655440000/cancel - Request received: user_id=42, job_id=550e8400-e29b-41d4-a716-446655440000
2026-06-16 21:55:14,617 - src.routes.serverless_routes - INFO - POST /api/jobs/550e8400-e29b-41d4-a716-446655440000/cancel - Request received: user_id=42, job_id=550e8400-e29b-41d4-a716-446655440000
2026-06-16 21:55:14,618 - src.routes.serverless_routes - INFO - Job cancelled: job_id=550e8400-e29b-41d4-a716-446655440000, user_id=42
2026-06-16 21:55:14,625 - src.routes.serverless_routes - INFO - POST /api/jobs/550e8400-e29b-41d4-a716-446655440000/cancel - Request received: user_id=42, job_id=550e8400-e29b-41d4-a716-446655440000
2026-06-16 21:55:14,627 - src.routes.serverless_routes - INFO - Job cancelled: job_id=550e8400-e29b-41d4-a716-446655440000, user_id=42
2026-06-16 21:55:14,635 - src.routes.serverless_routes - INFO - POST /api/jobs/550e8400-e29b-41d4-a716-446655440000/cancel - Request received: user_id=42, job_id=550e8400-e29b-41d4-a716-446655440000
2026-06-16 21:55:14,636 - src.routes.serverless_routes - INFO - Job cancelled: job_id=550e8400-e29b-41d4-a716-446655440000, user_id=42
2026-06-16 21:55:14,643 - src.routes.serverless_routes - INFO - POST /api/jobs/550e8400-e29b-41d4-a716-446655440000/cancel - Request received: user_id=42, job_id=550e8400-e29b-41d4-a716-446655440000
2026-06-16 21:55:14,644 - src.routes.serverless_routes - ERROR - Failed to cancel job 550e8400-e29b-41d4-a716-446655440000: Connection refused
2026-06-16 21:55:14,652 - src.routes.serverless_routes - WARNING - GET /api/jobs - Authentication failed: no user_id in session
2026-06-16 21:55:14,659 - src.routes.serverless_routes - INFO - GET /api/jobs - Request received: user_id=1
2026-06-16 21:55:14,660 - src.routes.serverless_routes - INFO - Jobs listed: user_id=1, is_admin=False, total=0
2026-06-16 21:55:14,665 - src.routes.serverless_routes - INFO - GET /api/jobs - Request received: user_id=1
2026-06-16 21:55:14,667 - src.routes.serverless_routes - INFO - Jobs listed: user_id=1, is_admin=False, total=50
2026-06-16 21:55:14,675 - src.routes.serverless_routes - INFO - GET /api/jobs - Request received: user_id=1
2026-06-16 21:55:14,676 - src.routes.serverless_routes - INFO - Jobs listed: user_id=1, is_admin=False, total=50
2026-06-16 21:55:14,684 - src.routes.serverless_routes - INFO - GET /api/jobs - Request received: user_id=1
2026-06-16 21:55:14,685 - src.routes.serverless_routes - INFO - Jobs listed: user_id=1, is_admin=False, total=0
2026-06-16 21:55:14,694 - src.routes.serverless_routes - INFO - GET /api/jobs - Request received: user_id=1
2026-06-16 21:55:14,695 - src.routes.serverless_routes - INFO - Jobs listed: user_id=1, is_admin=False, total=45
2026-06-16 21:55:14,702 - src.routes.serverless_routes - INFO - GET /api/jobs - Request received: user_id=1
2026-06-16 21:55:14,704 - src.routes.serverless_routes - INFO - Jobs listed: user_id=1, is_admin=False, total=0
2026-06-16 21:55:14,710 - src.routes.serverless_routes - INFO - GET /api/jobs - Request received: user_id=1
2026-06-16 21:55:14,717 - src.routes.serverless_routes - INFO - GET /api/jobs - Request received: user_id=1
2026-06-16 21:55:14,718 - src.routes.serverless_routes - INFO - Jobs listed: user_id=1, is_admin=False, total=0
2026-06-16 21:55:14,724 - src.routes.serverless_routes - INFO - GET /api/jobs - Request received: user_id=1
2026-06-16 21:55:14,724 - src.routes.serverless_routes - INFO - Jobs listed: user_id=1, is_admin=False, total=0
2026-06-16 21:55:14,731 - src.routes.serverless_routes - INFO - GET /api/jobs - Request received: user_id=1
2026-06-16 21:55:14,733 - src.routes.serverless_routes - INFO - Jobs listed: user_id=1, is_admin=False, total=2
2026-06-16 21:55:14,739 - src.routes.serverless_routes - INFO - GET /api/jobs - Request received: user_id=42
2026-06-16 21:55:14,740 - src.routes.serverless_routes - INFO - Jobs listed: user_id=42, is_admin=False, total=1
2026-06-16 21:55:14,745 - src.routes.serverless_routes - INFO - GET /api/jobs - Request received: user_id=1
2026-06-16 21:55:14,746 - src.routes.serverless_routes - INFO - Jobs listed: user_id=1, is_admin=True, total=10
2026-06-16 21:55:14,756 - src.routes.serverless_routes - INFO - GET /api/jobs - Request received: user_id=42
2026-06-16 21:55:14,756 - src.routes.serverless_routes - INFO - Jobs listed: user_id=42, is_admin=False, total=1
2026-06-16 21:55:14,761 - src.routes.serverless_routes - INFO - GET /api/jobs - Request received: user_id=1
2026-06-16 21:55:14,762 - src.routes.serverless_routes - ERROR - Failed to list jobs: Connection refused
2026-06-16 21:55:14,770 - src.routes.serverless_routes - WARNING - GET /api/jobs/metrics - Authentication failed: no user_id in session
2026-06-16 21:55:14,775 - src.routes.serverless_routes - INFO - GET /api/jobs/metrics - Request received: user_id=1
2026-06-16 21:55:14,776 - src.routes.serverless_routes - WARNING - GET /api/jobs/metrics - Access denied: user_id=1 is not admin
2026-06-16 21:55:14,782 - src.routes.serverless_routes - INFO - GET /api/jobs/metrics - Request received: user_id=1
2026-06-16 21:55:14,783 - src.routes.serverless_routes - WARNING - GET /api/jobs/metrics - Access denied: user_id=1 is not admin
2026-06-16 21:55:14,790 - src.routes.serverless_routes - INFO - GET /api/jobs/metrics - Request received: user_id=1
2026-06-16 21:55:14,791 - src.routes.serverless_routes - INFO - Metrics retrieved by admin user_id=1
2026-06-16 21:55:14,798 - src.routes.serverless_routes - INFO - GET /api/jobs/metrics - Request received: user_id=1
2026-06-16 21:55:14,799 - src.routes.serverless_routes - INFO - Metrics retrieved by admin user_id=1
2026-06-16 21:55:14,805 - src.routes.serverless_routes - INFO - GET /api/jobs/metrics - Request received: user_id=1
2026-06-16 21:55:14,806 - src.routes.serverless_routes - INFO - Metrics retrieved by admin user_id=1
2026-06-16 21:55:14,813 - src.routes.serverless_routes - INFO - GET /api/jobs/metrics - Request received: user_id=1
2026-06-16 21:55:14,814 - src.routes.serverless_routes - INFO - Metrics retrieved by admin user_id=1
2026-06-16 21:55:14,821 - src.routes.serverless_routes - INFO - GET /api/jobs/metrics - Request received: user_id=1
2026-06-16 21:55:14,822 - src.routes.serverless_routes - ERROR - Failed to retrieve metrics: Connection refused
2026-06-16 22:01:26,389 - src.routes.serverless_routes - WARNING - POST /api/jobs - Authentication failed: no user_id in session
2026-06-16 22:01:26,401 - src.routes.serverless_routes - INFO - POST /api/jobs - Request received: user_id=1
2026-06-16 22:01:26,402 - src.routes.serverless_routes - INFO - Job submitted: job_id=2d6bb2be-9c51-4cb5-b33f-e088805e744e, user_id=1, image=docker.io/python:3.11, target_link=http://opcp-psmc.com:6132
2026-06-16 22:01:26,408 - src.routes.serverless_routes - INFO - POST /api/jobs - Request received: user_id=1
2026-06-16 22:01:26,416 - src.routes.serverless_routes - INFO - POST /api/jobs - Request received: user_id=1
2026-06-16 22:01:26,423 - src.routes.serverless_routes - INFO - POST /api/jobs - Request received: user_id=1
2026-06-16 22:01:26,430 - src.routes.serverless_routes - INFO - POST /api/jobs - Request received: user_id=1
2026-06-16 22:01:26,437 - src.routes.serverless_routes - INFO - POST /api/jobs - Request received: user_id=1
2026-06-16 22:01:26,445 - src.routes.serverless_routes - INFO - POST /api/jobs - Request received: user_id=1
2026-06-16 22:01:26,451 - src.routes.serverless_routes - INFO - POST /api/jobs - Request received: user_id=1
2026-06-16 22:01:26,458 - src.routes.serverless_routes - INFO - POST /api/jobs - Request received: user_id=1
2026-06-16 22:01:26,467 - src.routes.serverless_routes - INFO - POST /api/jobs - Request received: user_id=1
2026-06-16 22:01:26,477 - src.routes.serverless_routes - INFO - POST /api/jobs - Request received: user_id=1
2026-06-16 22:01:26,485 - src.routes.serverless_routes - INFO - POST /api/jobs - Request received: user_id=1
2026-06-16 22:01:26,486 - src.routes.serverless_routes - INFO - Job submitted: job_id=60896472-e25d-415d-9872-25fcec68b8c4, user_id=1, image=docker.io/python:3.11, target_link=http://opcp-psmc.com:6132
2026-06-16 22:01:26,494 - src.routes.serverless_routes - INFO - POST /api/jobs - Request received: user_id=1
2026-06-16 22:01:26,496 - src.routes.serverless_routes - INFO - Job submitted: job_id=a082961a-00ef-4b2f-b874-4b6e893c2488, user_id=1, image=docker.io/python:3.11, target_link=http://opcp-psmc.com:6132
2026-06-16 22:01:26,503 - src.routes.serverless_routes - INFO - POST /api/jobs - Request received: user_id=1
2026-06-16 22:01:26,511 - src.routes.serverless_routes - INFO - POST /api/jobs - Request received: user_id=1
2026-06-16 22:01:26,512 - src.routes.serverless_routes - INFO - Job submitted: job_id=61b6196c-72ed-4075-89ff-895e807dd70d, user_id=1, image=python:3.11, target_link=http://opcp-psmc.com:6132
2026-06-16 22:01:26,521 - src.routes.serverless_routes - INFO - POST /api/jobs - Request received: user_id=1
2026-06-16 22:01:26,522 - src.routes.serverless_routes - INFO - Job submitted: job_id=d3369df9-981d-480c-98bd-3f5b45db5518, user_id=1, image=ghcr.io/org/myapp:latest, target_link=http://opcp-psmc.com:6132
2026-06-16 22:01:26,532 - src.routes.serverless_routes - INFO - POST /api/jobs - Request received: user_id=42
2026-06-16 22:01:26,533 - src.routes.serverless_routes - INFO - Job submitted: job_id=550e8400-e29b-41d4-a716-446655440000, user_id=42, image=docker.io/python:3.11, target_link=http://opcp-psmc.com:6132
2026-06-16 22:01:26,542 - src.routes.serverless_routes - INFO - POST /api/jobs - Request received: user_id=7
2026-06-16 22:01:26,544 - src.routes.serverless_routes - INFO - Job submitted: job_id=66ea87d1-c0d3-4845-adec-92f4cb942380, user_id=7, image=registry.example.com/myapp:v1, target_link=http://opcp-psmc.com:6134
2026-06-16 22:01:26,552 - src.routes.serverless_routes - INFO - POST /api/jobs - Request received: user_id=1
2026-06-16 22:01:26,553 - src.routes.serverless_routes - INFO - Job submitted: job_id=8650c2a9-816d-491d-aa6c-e2cc203b0398, user_id=1, image=docker.io/alpine:latest, target_link=http://opcp-psmc.com:6132
2026-06-16 22:01:26,562 - src.routes.serverless_routes - INFO - POST /api/jobs - Request received: user_id=1
2026-06-16 22:01:26,563 - src.routes.serverless_routes - INFO - Job submitted: job_id=f01fb77e-4f0f-47fe-8764-3800631c0f67, user_id=1, image=docker.io/alpine:latest, target_link=http://opcp-psmc.com:6132
2026-06-16 22:01:26,573 - src.routes.serverless_routes - INFO - POST /api/jobs - Request received: user_id=1
2026-06-16 22:01:26,574 - src.routes.serverless_routes - ERROR - Failed to insert job record: Connection refused
2026-06-16 22:01:26,583 - src.routes.serverless_routes - WARNING - GET /api/jobs/550e8400-e29b-41d4-a716-446655440000 - Authentication failed: no user_id in session
2026-06-16 22:01:26,590 - src.routes.serverless_routes - INFO - GET /api/jobs/550e8400-e29b-41d4-a716-446655440000 - Request received: user_id=1, job_id=550e8400-e29b-41d4-a716-446655440000
2026-06-16 22:01:26,602 - src.routes.serverless_routes - INFO - GET /api/jobs/550e8400-e29b-41d4-a716-446655440000 - Request received: user_id=1, job_id=550e8400-e29b-41d4-a716-446655440000
2026-06-16 22:01:26,612 - src.routes.serverless_routes - INFO - GET /api/jobs/550e8400-e29b-41d4-a716-446655440000 - Request received: user_id=42, job_id=550e8400-e29b-41d4-a716-446655440000
2026-06-16 22:01:26,614 - src.routes.serverless_routes - INFO - Job status retrieved: job_id=550e8400-e29b-41d4-a716-446655440000, user_id=42
2026-06-16 22:01:26,625 - src.routes.serverless_routes - INFO - GET /api/jobs/550e8400-e29b-41d4-a716-446655440000 - Request received: user_id=1, job_id=550e8400-e29b-41d4-a716-446655440000
2026-06-16 22:01:26,626 - src.routes.serverless_routes - INFO - Job status retrieved: job_id=550e8400-e29b-41d4-a716-446655440000, user_id=1
2026-06-16 22:01:26,634 - src.routes.serverless_routes - INFO - GET /api/jobs/550e8400-e29b-41d4-a716-446655440000 - Request received: user_id=42, job_id=550e8400-e29b-41d4-a716-446655440000
2026-06-16 22:01:26,636 - src.routes.serverless_routes - INFO - Job status retrieved: job_id=550e8400-e29b-41d4-a716-446655440000, user_id=42
2026-06-16 22:01:26,645 - src.routes.serverless_routes - INFO - GET /api/jobs/550e8400-e29b-41d4-a716-446655440000 - Request received: user_id=42, job_id=550e8400-e29b-41d4-a716-446655440000
2026-06-16 22:01:26,647 - src.routes.serverless_routes - INFO - Job status retrieved: job_id=550e8400-e29b-41d4-a716-446655440000, user_id=42
2026-06-16 22:01:26,655 - src.routes.serverless_routes - INFO - GET /api/jobs/550e8400-e29b-41d4-a716-446655440000 - Request received: user_id=1, job_id=550e8400-e29b-41d4-a716-446655440000
2026-06-16 22:01:26,657 - src.routes.serverless_routes - ERROR - Failed to query job 550e8400-e29b-41d4-a716-446655440000: Connection refused
2026-06-16 22:01:26,664 - src.routes.serverless_routes - WARNING - GET /api/jobs/550e8400-e29b-41d4-a716-446655440000/result - Authentication failed: no user_id in session
2026-06-16 22:01:26,672 - src.routes.serverless_routes - INFO - GET /api/jobs/550e8400-e29b-41d4-a716-446655440000/result - Request received: user_id=1, job_id=550e8400-e29b-41d4-a716-446655440000
2026-06-16 22:01:26,683 - src.routes.serverless_routes - INFO - GET /api/jobs/550e8400-e29b-41d4-a716-446655440000/result - Request received: user_id=1, job_id=550e8400-e29b-41d4-a716-446655440000
2026-06-16 22:01:26,691 - src.routes.serverless_routes - INFO - GET /api/jobs/550e8400-e29b-41d4-a716-446655440000/result - Request received: user_id=1, job_id=550e8400-e29b-41d4-a716-446655440000
2026-06-16 22:01:26,693 - src.routes.serverless_routes - INFO - Job result retrieved: job_id=550e8400-e29b-41d4-a716-446655440000, user_id=1
2026-06-16 22:01:26,702 - src.routes.serverless_routes - INFO - GET /api/jobs/550e8400-e29b-41d4-a716-446655440000/result - Request received: user_id=42, job_id=550e8400-e29b-41d4-a716-446655440000
2026-06-16 22:01:26,709 - src.routes.serverless_routes - INFO - GET /api/jobs/550e8400-e29b-41d4-a716-446655440000/result - Request received: user_id=42, job_id=550e8400-e29b-41d4-a716-446655440000
2026-06-16 22:01:26,718 - src.routes.serverless_routes - INFO - GET /api/jobs/550e8400-e29b-41d4-a716-446655440000/result - Request received: user_id=42, job_id=550e8400-e29b-41d4-a716-446655440000
2026-06-16 22:01:26,719 - src.routes.serverless_routes - INFO - Job result retrieved: job_id=550e8400-e29b-41d4-a716-446655440000, user_id=42
2026-06-16 22:01:26,729 - src.routes.serverless_routes - INFO - GET /api/jobs/550e8400-e29b-41d4-a716-446655440000/result - Request received: user_id=42, job_id=550e8400-e29b-41d4-a716-446655440000
2026-06-16 22:01:26,730 - src.routes.serverless_routes - INFO - Job result retrieved: job_id=550e8400-e29b-41d4-a716-446655440000, user_id=42
2026-06-16 22:01:26,738 - src.routes.serverless_routes - INFO - GET /api/jobs/550e8400-e29b-41d4-a716-446655440000/result - Request received: user_id=42, job_id=550e8400-e29b-41d4-a716-446655440000
2026-06-16 22:01:26,740 - src.routes.serverless_routes - INFO - Job result retrieved: job_id=550e8400-e29b-41d4-a716-446655440000, user_id=42
2026-06-16 22:01:26,748 - src.routes.serverless_routes - INFO - GET /api/jobs/550e8400-e29b-41d4-a716-446655440000/result - Request received: user_id=42, job_id=550e8400-e29b-41d4-a716-446655440000
2026-06-16 22:01:26,749 - src.routes.serverless_routes - INFO - Job result retrieved: job_id=550e8400-e29b-41d4-a716-446655440000, user_id=42
2026-06-16 22:01:26,758 - src.routes.serverless_routes - INFO - GET /api/jobs/550e8400-e29b-41d4-a716-446655440000/result - Request received: user_id=1, job_id=550e8400-e29b-41d4-a716-446655440000
2026-06-16 22:01:26,759 - src.routes.serverless_routes - ERROR - Failed to query job 550e8400-e29b-41d4-a716-446655440000: Connection refused
2026-06-16 22:01:26,766 - src.routes.serverless_routes - WARNING - POST /api/jobs/550e8400-e29b-41d4-a716-446655440000/cancel - Authentication failed: no user_id in session
2026-06-16 22:01:26,774 - src.routes.serverless_routes - INFO - POST /api/jobs/550e8400-e29b-41d4-a716-446655440000/cancel - Request received: user_id=1, job_id=550e8400-e29b-41d4-a716-446655440000
2026-06-16 22:01:26,784 - src.routes.serverless_routes - INFO - POST /api/jobs/550e8400-e29b-41d4-a716-446655440000/cancel - Request received: user_id=1, job_id=550e8400-e29b-41d4-a716-446655440000
2026-06-16 22:01:26,795 - src.routes.serverless_routes - INFO - POST /api/jobs/550e8400-e29b-41d4-a716-446655440000/cancel - Request received: user_id=1, job_id=550e8400-e29b-41d4-a716-446655440000
2026-06-16 22:01:26,797 - src.routes.serverless_routes - INFO - Job cancelled: job_id=550e8400-e29b-41d4-a716-446655440000, user_id=1
2026-06-16 22:01:26,808 - src.routes.serverless_routes - INFO - POST /api/jobs/550e8400-e29b-41d4-a716-446655440000/cancel - Request received: user_id=42, job_id=550e8400-e29b-41d4-a716-446655440000
2026-06-16 22:01:26,818 - src.routes.serverless_routes - INFO - POST /api/jobs/550e8400-e29b-41d4-a716-446655440000/cancel - Request received: user_id=42, job_id=550e8400-e29b-41d4-a716-446655440000
2026-06-16 22:01:26,828 - src.routes.serverless_routes - INFO - POST /api/jobs/550e8400-e29b-41d4-a716-446655440000/cancel - Request received: user_id=42, job_id=550e8400-e29b-41d4-a716-446655440000
2026-06-16 22:01:26,837 - src.routes.serverless_routes - INFO - POST /api/jobs/550e8400-e29b-41d4-a716-446655440000/cancel - Request received: user_id=42, job_id=550e8400-e29b-41d4-a716-446655440000
2026-06-16 22:01:26,848 - src.routes.serverless_routes - INFO - POST /api/jobs/550e8400-e29b-41d4-a716-446655440000/cancel - Request received: user_id=42, job_id=550e8400-e29b-41d4-a716-446655440000
2026-06-16 22:01:26,849 - src.routes.serverless_routes - INFO - Job cancelled: job_id=550e8400-e29b-41d4-a716-446655440000, user_id=42
2026-06-16 22:01:26,857 - src.routes.serverless_routes - INFO - POST /api/jobs/550e8400-e29b-41d4-a716-446655440000/cancel - Request received: user_id=42, job_id=550e8400-e29b-41d4-a716-446655440000
2026-06-16 22:01:26,859 - src.routes.serverless_routes - INFO - Job cancelled: job_id=550e8400-e29b-41d4-a716-446655440000, user_id=42
2026-06-16 22:01:26,868 - src.routes.serverless_routes - INFO - POST /api/jobs/550e8400-e29b-41d4-a716-446655440000/cancel - Request received: user_id=42, job_id=550e8400-e29b-41d4-a716-446655440000
2026-06-16 22:01:26,869 - src.routes.serverless_routes - INFO - Job cancelled: job_id=550e8400-e29b-41d4-a716-446655440000, user_id=42
2026-06-16 22:01:26,878 - src.routes.serverless_routes - INFO - POST /api/jobs/550e8400-e29b-41d4-a716-446655440000/cancel - Request received: user_id=42, job_id=550e8400-e29b-41d4-a716-446655440000
2026-06-16 22:01:26,879 - src.routes.serverless_routes - ERROR - Failed to cancel job 550e8400-e29b-41d4-a716-446655440000: Connection refused
2026-06-16 22:01:26,887 - src.routes.serverless_routes - WARNING - GET /api/jobs - Authentication failed: no user_id in session
2026-06-16 22:01:26,897 - src.routes.serverless_routes - INFO - GET /api/jobs - Request received: user_id=1
2026-06-16 22:01:26,899 - src.routes.serverless_routes - INFO - Jobs listed: user_id=1, is_admin=False, total=0
2026-06-16 22:01:26,909 - src.routes.serverless_routes - INFO - GET /api/jobs - Request received: user_id=1
2026-06-16 22:01:26,911 - src.routes.serverless_routes - INFO - Jobs listed: user_id=1, is_admin=False, total=50
2026-06-16 22:01:26,920 - src.routes.serverless_routes - INFO - GET /api/jobs - Request received: user_id=1
2026-06-16 22:01:26,921 - src.routes.serverless_routes - INFO - Jobs listed: user_id=1, is_admin=False, total=50
2026-06-16 22:01:26,929 - src.routes.serverless_routes - INFO - GET /api/jobs - Request received: user_id=1
2026-06-16 22:01:26,931 - src.routes.serverless_routes - INFO - Jobs listed: user_id=1, is_admin=False, total=0
2026-06-16 22:01:26,939 - src.routes.serverless_routes - INFO - GET /api/jobs - Request received: user_id=1
2026-06-16 22:01:26,940 - src.routes.serverless_routes - INFO - Jobs listed: user_id=1, is_admin=False, total=45
2026-06-16 22:01:26,949 - src.routes.serverless_routes - INFO - GET /api/jobs - Request received: user_id=1
2026-06-16 22:01:26,950 - src.routes.serverless_routes - INFO - Jobs listed: user_id=1, is_admin=False, total=0
2026-06-16 22:01:26,959 - src.routes.serverless_routes - INFO - GET /api/jobs - Request received: user_id=1
2026-06-16 22:01:26,967 - src.routes.serverless_routes - INFO - GET /api/jobs - Request received: user_id=1
2026-06-16 22:01:26,968 - src.routes.serverless_routes - INFO - Jobs listed: user_id=1, is_admin=False, total=0
2026-06-16 22:01:26,976 - src.routes.serverless_routes - INFO - GET /api/jobs - Request received: user_id=1
2026-06-16 22:01:26,978 - src.routes.serverless_routes - INFO - Jobs listed: user_id=1, is_admin=False, total=0
2026-06-16 22:01:26,986 - src.routes.serverless_routes - INFO - GET /api/jobs - Request received: user_id=1
2026-06-16 22:01:26,986 - src.routes.serverless_routes - INFO - Jobs listed: user_id=1, is_admin=False, total=2
2026-06-16 22:01:26,994 - src.routes.serverless_routes - INFO - GET /api/jobs - Request received: user_id=42
2026-06-16 22:01:26,995 - src.routes.serverless_routes - INFO - Jobs listed: user_id=42, is_admin=False, total=1
2026-06-16 22:01:27,005 - src.routes.serverless_routes - INFO - GET /api/jobs - Request received: user_id=1
2026-06-16 22:01:27,006 - src.routes.serverless_routes - INFO - Jobs listed: user_id=1, is_admin=True, total=10
2026-06-16 22:01:27,014 - src.routes.serverless_routes - INFO - GET /api/jobs - Request received: user_id=42
2026-06-16 22:01:27,015 - src.routes.serverless_routes - INFO - Jobs listed: user_id=42, is_admin=False, total=1
2026-06-16 22:01:27,024 - src.routes.serverless_routes - INFO - GET /api/jobs - Request received: user_id=1
2026-06-16 22:01:27,025 - src.routes.serverless_routes - ERROR - Failed to list jobs: Connection refused
2026-06-16 22:01:27,032 - src.routes.serverless_routes - WARNING - GET /api/jobs/metrics - Authentication failed: no user_id in session
2026-06-16 22:01:27,038 - src.routes.serverless_routes - INFO - GET /api/jobs/metrics - Request received: user_id=1
2026-06-16 22:01:27,039 - src.routes.serverless_routes - WARNING - GET /api/jobs/metrics - Access denied: user_id=1 is not admin
2026-06-16 22:01:27,047 - src.routes.serverless_routes - INFO - GET /api/jobs/metrics - Request received: user_id=1
2026-06-16 22:01:27,048 - src.routes.serverless_routes - WARNING - GET /api/jobs/metrics - Access denied: user_id=1 is not admin
2026-06-16 22:01:27,054 - src.routes.serverless_routes - INFO - GET /api/jobs/metrics - Request received: user_id=1
2026-06-16 22:01:27,055 - src.routes.serverless_routes - INFO - Metrics retrieved by admin user_id=1
2026-06-16 22:01:27,064 - src.routes.serverless_routes - INFO - GET /api/jobs/metrics - Request received: user_id=1
2026-06-16 22:01:27,065 - src.routes.serverless_routes - INFO - Metrics retrieved by admin user_id=1
2026-06-16 22:01:27,073 - src.routes.serverless_routes - INFO - GET /api/jobs/metrics - Request received: user_id=1
2026-06-16 22:01:27,074 - src.routes.serverless_routes - INFO - Metrics retrieved by admin user_id=1
2026-06-16 22:01:27,084 - src.routes.serverless_routes - INFO - GET /api/jobs/metrics - Request received: user_id=1
2026-06-16 22:01:27,085 - src.routes.serverless_routes - INFO - Metrics retrieved by admin user_id=1
2026-06-16 22:01:27,092 - src.routes.serverless_routes - INFO - GET /api/jobs/metrics - Request received: user_id=1
2026-06-16 22:01:27,094 - src.routes.serverless_routes - ERROR - Failed to retrieve metrics: Connection refused
2026-06-16 22:12:23,804 - src.routes.serverless_routes - WARNING - POST /api/jobs - Authentication failed: no user_id in session
2026-06-16 22:12:23,813 - src.routes.serverless_routes - INFO - POST /api/jobs - Request received: user_id=1
2026-06-16 22:12:23,813 - src.routes.serverless_routes - INFO - Job submitted: job_id=6a1f6694-0713-4b68-90ea-4fbc66e98357, user_id=1, image=docker.io/python:3.11, target_link=http://opcp-psmc.com:6132
2026-06-16 22:12:23,820 - src.routes.serverless_routes - INFO - POST /api/jobs - Request received: user_id=1
2026-06-16 22:12:23,827 - src.routes.serverless_routes - INFO - POST /api/jobs - Request received: user_id=1
2026-06-16 22:12:23,832 - src.routes.serverless_routes - INFO - POST /api/jobs - Request received: user_id=1
2026-06-16 22:12:23,837 - src.routes.serverless_routes - INFO - POST /api/jobs - Request received: user_id=1
2026-06-16 22:12:23,844 - src.routes.serverless_routes - INFO - POST /api/jobs - Request received: user_id=1
2026-06-16 22:12:23,850 - src.routes.serverless_routes - INFO - POST /api/jobs - Request received: user_id=1
2026-06-16 22:12:23,856 - src.routes.serverless_routes - INFO - POST /api/jobs - Request received: user_id=1
2026-06-16 22:12:23,863 - src.routes.serverless_routes - INFO - POST /api/jobs - Request received: user_id=1
2026-06-16 22:12:23,869 - src.routes.serverless_routes - INFO - POST /api/jobs - Request received: user_id=1
2026-06-16 22:12:23,876 - src.routes.serverless_routes - INFO - POST /api/jobs - Request received: user_id=1
2026-06-16 22:12:23,884 - src.routes.serverless_routes - INFO - POST /api/jobs - Request received: user_id=1
2026-06-16 22:12:23,885 - src.routes.serverless_routes - INFO - Job submitted: job_id=43077198-16c3-4822-8306-cf32fb1d9be5, user_id=1, image=docker.io/python:3.11, target_link=http://opcp-psmc.com:6132
2026-06-16 22:12:23,891 - src.routes.serverless_routes - INFO - POST /api/jobs - Request received: user_id=1
2026-06-16 22:12:23,892 - src.routes.serverless_routes - INFO - Job submitted: job_id=d0b64ca3-f353-4d45-bef1-2bd541c87589, user_id=1, image=docker.io/python:3.11, target_link=http://opcp-psmc.com:6132
2026-06-16 22:12:23,897 - src.routes.serverless_routes - INFO - POST /api/jobs - Request received: user_id=1
2026-06-16 22:12:23,906 - src.routes.serverless_routes - INFO - POST /api/jobs - Request received: user_id=1
2026-06-16 22:12:23,907 - src.routes.serverless_routes - INFO - Job submitted: job_id=bdc9155b-42aa-4cea-91a2-6bdf07d36413, user_id=1, image=python:3.11, target_link=http://opcp-psmc.com:6132
2026-06-16 22:12:23,912 - src.routes.serverless_routes - INFO - POST /api/jobs - Request received: user_id=1
2026-06-16 22:12:23,913 - src.routes.serverless_routes - INFO - Job submitted: job_id=78950f70-e7c7-48f7-8b80-7a7b972e7e4f, user_id=1, image=ghcr.io/org/myapp:latest, target_link=http://opcp-psmc.com:6132
2026-06-16 22:12:23,918 - src.routes.serverless_routes - INFO - POST /api/jobs - Request received: user_id=42
2026-06-16 22:12:23,919 - src.routes.serverless_routes - INFO - Job submitted: job_id=550e8400-e29b-41d4-a716-446655440000, user_id=42, image=docker.io/python:3.11, target_link=http://opcp-psmc.com:6132
2026-06-16 22:12:23,929 - src.routes.serverless_routes - INFO - POST /api/jobs - Request received: user_id=7
2026-06-16 22:12:23,930 - src.routes.serverless_routes - INFO - Job submitted: job_id=01672095-0d22-4148-bbb4-53ac3c4784f9, user_id=7, image=registry.example.com/myapp:v1, target_link=http://opcp-psmc.com:6134
2026-06-16 22:12:23,936 - src.routes.serverless_routes - INFO - POST /api/jobs - Request received: user_id=1
2026-06-16 22:12:23,937 - src.routes.serverless_routes - INFO - Job submitted: job_id=ceaa2d96-3878-46e4-987f-4d69dd9c56e1, user_id=1, image=docker.io/alpine:latest, target_link=http://opcp-psmc.com:6132
2026-06-16 22:12:23,943 - src.routes.serverless_routes - INFO - POST /api/jobs - Request received: user_id=1
2026-06-16 22:12:23,944 - src.routes.serverless_routes - INFO - Job submitted: job_id=96e9ca37-4c5f-43f5-b57c-ab997c601fd4, user_id=1, image=docker.io/alpine:latest, target_link=http://opcp-psmc.com:6132
2026-06-16 22:12:23,951 - src.routes.serverless_routes - INFO - POST /api/jobs - Request received: user_id=1
2026-06-16 22:12:23,952 - src.routes.serverless_routes - ERROR - Failed to insert job record: Connection refused
2026-06-16 22:12:23,959 - src.routes.serverless_routes - WARNING - GET /api/jobs/550e8400-e29b-41d4-a716-446655440000 - Authentication failed: no user_id in session
2026-06-16 22:12:23,968 - src.routes.serverless_routes - INFO - GET /api/jobs/550e8400-e29b-41d4-a716-446655440000 - Request received: user_id=1, job_id=550e8400-e29b-41d4-a716-446655440000
2026-06-16 22:12:23,974 - src.routes.serverless_routes - INFO - GET /api/jobs/550e8400-e29b-41d4-a716-446655440000 - Request received: user_id=1, job_id=550e8400-e29b-41d4-a716-446655440000
2026-06-16 22:12:23,983 - src.routes.serverless_routes - INFO - GET /api/jobs/550e8400-e29b-41d4-a716-446655440000 - Request received: user_id=42, job_id=550e8400-e29b-41d4-a716-446655440000
2026-06-16 22:12:23,984 - src.routes.serverless_routes - INFO - Job status retrieved: job_id=550e8400-e29b-41d4-a716-446655440000, user_id=42
2026-06-16 22:12:23,990 - src.routes.serverless_routes - INFO - GET /api/jobs/550e8400-e29b-41d4-a716-446655440000 - Request received: user_id=1, job_id=550e8400-e29b-41d4-a716-446655440000
2026-06-16 22:12:23,991 - src.routes.serverless_routes - INFO - Job status retrieved: job_id=550e8400-e29b-41d4-a716-446655440000, user_id=1
2026-06-16 22:12:23,996 - src.routes.serverless_routes - INFO - GET /api/jobs/550e8400-e29b-41d4-a716-446655440000 - Request received: user_id=42, job_id=550e8400-e29b-41d4-a716-446655440000
2026-06-16 22:12:23,997 - src.routes.serverless_routes - INFO - Job status retrieved: job_id=550e8400-e29b-41d4-a716-446655440000, user_id=42
2026-06-16 22:12:24,006 - src.routes.serverless_routes - INFO - GET /api/jobs/550e8400-e29b-41d4-a716-446655440000 - Request received: user_id=42, job_id=550e8400-e29b-41d4-a716-446655440000
2026-06-16 22:12:24,007 - src.routes.serverless_routes - INFO - Job status retrieved: job_id=550e8400-e29b-41d4-a716-446655440000, user_id=42
2026-06-16 22:12:24,012 - src.routes.serverless_routes - INFO - GET /api/jobs/550e8400-e29b-41d4-a716-446655440000 - Request received: user_id=1, job_id=550e8400-e29b-41d4-a716-446655440000
2026-06-16 22:12:24,013 - src.routes.serverless_routes - ERROR - Failed to query job 550e8400-e29b-41d4-a716-446655440000: Connection refused
2026-06-16 22:12:24,018 - src.routes.serverless_routes - WARNING - GET /api/jobs/550e8400-e29b-41d4-a716-446655440000/result - Authentication failed: no user_id in session
2026-06-16 22:12:24,026 - src.routes.serverless_routes - INFO - GET /api/jobs/550e8400-e29b-41d4-a716-446655440000/result - Request received: user_id=1, job_id=550e8400-e29b-41d4-a716-446655440000
2026-06-16 22:12:24,032 - src.routes.serverless_routes - INFO - GET /api/jobs/550e8400-e29b-41d4-a716-446655440000/result - Request received: user_id=1, job_id=550e8400-e29b-41d4-a716-446655440000
2026-06-16 22:12:24,037 - src.routes.serverless_routes - INFO - GET /api/jobs/550e8400-e29b-41d4-a716-446655440000/result - Request received: user_id=1, job_id=550e8400-e29b-41d4-a716-446655440000
2026-06-16 22:12:24,039 - src.routes.serverless_routes - INFO - Job result retrieved: job_id=550e8400-e29b-41d4-a716-446655440000, user_id=1
2026-06-16 22:12:24,047 - src.routes.serverless_routes - INFO - GET /api/jobs/550e8400-e29b-41d4-a716-446655440000/result - Request received: user_id=42, job_id=550e8400-e29b-41d4-a716-446655440000
2026-06-16 22:12:24,054 - src.routes.serverless_routes - INFO - GET /api/jobs/550e8400-e29b-41d4-a716-446655440000/result - Request received: user_id=42, job_id=550e8400-e29b-41d4-a716-446655440000
2026-06-16 22:12:24,064 - src.routes.serverless_routes - INFO - GET /api/jobs/550e8400-e29b-41d4-a716-446655440000/result - Request received: user_id=42, job_id=550e8400-e29b-41d4-a716-446655440000
2026-06-16 22:12:24,065 - src.routes.serverless_routes - INFO - Job result retrieved: job_id=550e8400-e29b-41d4-a716-446655440000, user_id=42
2026-06-16 22:12:24,072 - src.routes.serverless_routes - INFO - GET /api/jobs/550e8400-e29b-41d4-a716-446655440000/result - Request received: user_id=42, job_id=550e8400-e29b-41d4-a716-446655440000
2026-06-16 22:12:24,073 - src.routes.serverless_routes - INFO - Job result retrieved: job_id=550e8400-e29b-41d4-a716-446655440000, user_id=42
2026-06-16 22:12:24,079 - src.routes.serverless_routes - INFO - GET /api/jobs/550e8400-e29b-41d4-a716-446655440000/result - Request received: user_id=42, job_id=550e8400-e29b-41d4-a716-446655440000
2026-06-16 22:12:24,081 - src.routes.serverless_routes - INFO - Job result retrieved: job_id=550e8400-e29b-41d4-a716-446655440000, user_id=42
2026-06-16 22:12:24,088 - src.routes.serverless_routes - INFO - GET /api/jobs/550e8400-e29b-41d4-a716-446655440000/result - Request received: user_id=42, job_id=550e8400-e29b-41d4-a716-446655440000
2026-06-16 22:12:24,089 - src.routes.serverless_routes - INFO - Job result retrieved: job_id=550e8400-e29b-41d4-a716-446655440000, user_id=42
2026-06-16 22:12:24,094 - src.routes.serverless_routes - INFO - GET /api/jobs/550e8400-e29b-41d4-a716-446655440000/result - Request received: user_id=1, job_id=550e8400-e29b-41d4-a716-446655440000
2026-06-16 22:12:24,095 - src.routes.serverless_routes - ERROR - Failed to query job 550e8400-e29b-41d4-a716-446655440000: Connection refused
2026-06-16 22:12:24,101 - src.routes.serverless_routes - WARNING - POST /api/jobs/550e8400-e29b-41d4-a716-446655440000/cancel - Authentication failed: no user_id in session
2026-06-16 22:12:24,108 - src.routes.serverless_routes - INFO - POST /api/jobs/550e8400-e29b-41d4-a716-446655440000/cancel - Request received: user_id=1, job_id=550e8400-e29b-41d4-a716-446655440000
2026-06-16 22:12:24,114 - src.routes.serverless_routes - INFO - POST /api/jobs/550e8400-e29b-41d4-a716-446655440000/cancel - Request received: user_id=1, job_id=550e8400-e29b-41d4-a716-446655440000
2026-06-16 22:12:24,121 - src.routes.serverless_routes - INFO - POST /api/jobs/550e8400-e29b-41d4-a716-446655440000/cancel - Request received: user_id=1, job_id=550e8400-e29b-41d4-a716-446655440000
2026-06-16 22:12:24,124 - src.routes.serverless_routes - INFO - Job cancelled: job_id=550e8400-e29b-41d4-a716-446655440000, user_id=1
2026-06-16 22:12:24,131 - src.routes.serverless_routes - INFO - POST /api/jobs/550e8400-e29b-41d4-a716-446655440000/cancel - Request received: user_id=42, job_id=550e8400-e29b-41d4-a716-446655440000
2026-06-16 22:12:24,136 - src.routes.serverless_routes - INFO - POST /api/jobs/550e8400-e29b-41d4-a716-446655440000/cancel - Request received: user_id=42, job_id=550e8400-e29b-41d4-a716-446655440000
2026-06-16 22:12:24,144 - src.routes.serverless_routes - INFO - POST /api/jobs/550e8400-e29b-41d4-a716-446655440000/cancel - Request received: user_id=42, job_id=550e8400-e29b-41d4-a716-446655440000
2026-06-16 22:12:24,150 - src.routes.serverless_routes - INFO - POST /api/jobs/550e8400-e29b-41d4-a716-446655440000/cancel - Request received: user_id=42, job_id=550e8400-e29b-41d4-a716-446655440000
2026-06-16 22:12:24,156 - src.routes.serverless_routes - INFO - POST /api/jobs/550e8400-e29b-41d4-a716-446655440000/cancel - Request received: user_id=42, job_id=550e8400-e29b-41d4-a716-446655440000
2026-06-16 22:12:24,160 - src.routes.serverless_routes - INFO - Job cancelled: job_id=550e8400-e29b-41d4-a716-446655440000, user_id=42
2026-06-16 22:12:24,168 - src.routes.serverless_routes - INFO - POST /api/jobs/550e8400-e29b-41d4-a716-446655440000/cancel - Request received: user_id=42, job_id=550e8400-e29b-41d4-a716-446655440000
2026-06-16 22:12:24,169 - src.routes.serverless_routes - INFO - Job cancelled: job_id=550e8400-e29b-41d4-a716-446655440000, user_id=42
2026-06-16 22:12:24,178 - src.routes.serverless_routes - INFO - POST /api/jobs/550e8400-e29b-41d4-a716-446655440000/cancel - Request received: user_id=42, job_id=550e8400-e29b-41d4-a716-446655440000
2026-06-16 22:12:24,180 - src.routes.serverless_routes - INFO - Job cancelled: job_id=550e8400-e29b-41d4-a716-446655440000, user_id=42
2026-06-16 22:12:24,189 - src.routes.serverless_routes - INFO - POST /api/jobs/550e8400-e29b-41d4-a716-446655440000/cancel - Request received: user_id=42, job_id=550e8400-e29b-41d4-a716-446655440000
2026-06-16 22:12:24,190 - src.routes.serverless_routes - ERROR - Failed to cancel job 550e8400-e29b-41d4-a716-446655440000: Connection refused
2026-06-16 22:12:24,194 - src.routes.serverless_routes - WARNING - GET /api/jobs - Authentication failed: no user_id in session
2026-06-16 22:12:24,203 - src.routes.serverless_routes - INFO - GET /api/jobs - Request received: user_id=1
2026-06-16 22:12:24,205 - src.routes.serverless_routes - INFO - Jobs listed: user_id=1, is_admin=False, total=0
2026-06-16 22:12:24,211 - src.routes.serverless_routes - INFO - GET /api/jobs - Request received: user_id=1
2026-06-16 22:12:24,212 - src.routes.serverless_routes - INFO - Jobs listed: user_id=1, is_admin=False, total=50
2026-06-16 22:12:24,217 - src.routes.serverless_routes - INFO - GET /api/jobs - Request received: user_id=1
2026-06-16 22:12:24,219 - src.routes.serverless_routes - INFO - Jobs listed: user_id=1, is_admin=False, total=50
2026-06-16 22:12:24,227 - src.routes.serverless_routes - INFO - GET /api/jobs - Request received: user_id=1
2026-06-16 22:12:24,228 - src.routes.serverless_routes - INFO - Jobs listed: user_id=1, is_admin=False, total=0
2026-06-16 22:12:24,234 - src.routes.serverless_routes - INFO - GET /api/jobs - Request received: user_id=1
2026-06-16 22:12:24,235 - src.routes.serverless_routes - INFO - Jobs listed: user_id=1, is_admin=False, total=45
2026-06-16 22:12:24,241 - src.routes.serverless_routes - INFO - GET /api/jobs - Request received: user_id=1
2026-06-16 22:12:24,244 - src.routes.serverless_routes - INFO - Jobs listed: user_id=1, is_admin=False, total=0
2026-06-16 22:12:24,251 - src.routes.serverless_routes - INFO - GET /api/jobs - Request received: user_id=1
2026-06-16 22:12:24,257 - src.routes.serverless_routes - INFO - GET /api/jobs - Request received: user_id=1
2026-06-16 22:12:24,257 - src.routes.serverless_routes - INFO - Jobs listed: user_id=1, is_admin=False, total=0
2026-06-16 22:12:24,267 - src.routes.serverless_routes - INFO - GET /api/jobs - Request received: user_id=1
2026-06-16 22:12:24,268 - src.routes.serverless_routes - INFO - Jobs listed: user_id=1, is_admin=False, total=0
2026-06-16 22:12:24,274 - src.routes.serverless_routes - INFO - GET /api/jobs - Request received: user_id=1
2026-06-16 22:12:24,274 - src.routes.serverless_routes - INFO - Jobs listed: user_id=1, is_admin=False, total=2
2026-06-16 22:12:24,281 - src.routes.serverless_routes - INFO - GET /api/jobs - Request received: user_id=42
2026-06-16 22:12:24,282 - src.routes.serverless_routes - INFO - Jobs listed: user_id=42, is_admin=False, total=1
2026-06-16 22:12:24,291 - src.routes.serverless_routes - INFO - GET /api/jobs - Request received: user_id=1
2026-06-16 22:12:24,292 - src.routes.serverless_routes - INFO - Jobs listed: user_id=1, is_admin=True, total=10
2026-06-16 22:12:24,298 - src.routes.serverless_routes - INFO - GET /api/jobs - Request received: user_id=42
2026-06-16 22:12:24,299 - src.routes.serverless_routes - INFO - Jobs listed: user_id=42, is_admin=False, total=1
2026-06-16 22:12:24,307 - src.routes.serverless_routes - INFO - GET /api/jobs - Request received: user_id=1
2026-06-16 22:12:24,308 - src.routes.serverless_routes - ERROR - Failed to list jobs: Connection refused
2026-06-16 22:12:24,313 - src.routes.serverless_routes - WARNING - GET /api/jobs/metrics - Authentication failed: no user_id in session
2026-06-16 22:12:24,320 - src.routes.serverless_routes - INFO - GET /api/jobs/metrics - Request received: user_id=1
2026-06-16 22:12:24,321 - src.routes.serverless_routes - WARNING - GET /api/jobs/metrics - Access denied: user_id=1 is not admin
2026-06-16 22:12:24,328 - src.routes.serverless_routes - INFO - GET /api/jobs/metrics - Request received: user_id=1
2026-06-16 22:12:24,329 - src.routes.serverless_routes - WARNING - GET /api/jobs/metrics - Access denied: user_id=1 is not admin
2026-06-16 22:12:24,335 - src.routes.serverless_routes - INFO - GET /api/jobs/metrics - Request received: user_id=1
2026-06-16 22:12:24,336 - src.routes.serverless_routes - INFO - Metrics retrieved by admin user_id=1
2026-06-16 22:12:24,345 - src.routes.serverless_routes - INFO - GET /api/jobs/metrics - Request received: user_id=1
2026-06-16 22:12:24,346 - src.routes.serverless_routes - INFO - Metrics retrieved by admin user_id=1
2026-06-16 22:12:24,352 - src.routes.serverless_routes - INFO - GET /api/jobs/metrics - Request received: user_id=1
2026-06-16 22:12:24,353 - src.routes.serverless_routes - INFO - Metrics retrieved by admin user_id=1
2026-06-16 22:12:24,360 - src.routes.serverless_routes - INFO - GET /api/jobs/metrics - Request received: user_id=1
2026-06-16 22:12:24,362 - src.routes.serverless_routes - INFO - Metrics retrieved by admin user_id=1
2026-06-16 22:12:24,369 - src.routes.serverless_routes - INFO - GET /api/jobs/metrics - Request received: user_id=1
2026-06-16 22:12:24,370 - src.routes.serverless_routes - ERROR - Failed to retrieve metrics: Connection refused
